1.41,0,3500,3123.67,137.46
1.46,0,3500,3165.33,126.84
1.51,0,3500,3203.72,117
1.56,0,3500,3239.53,107.74
1.61,0,3500,3272.51,99.15
1.66,0,3500,3302.83,91.19
1.71,0,3500,3330.69,83.82
1.76,0,3500,3355.85,77.11
1.81,0,3500,3379.16,70.84
1.86,0,3500,3400.45,65.06
1.91,0,3500,3419.58,59.82
1.96,0,3500,3436.75,55.07
,,,,
2.01,1,3500,3452.36,50.7
2.06,1,3500,3466.5,46.7
2.11,1,3500,3478.72,43.2
2.16,1,3500,3489.64,40.03
2.21,1,3500,3499,37.27
2.26,1,3500,3507.25,34.8
2.31,1,3500,3514.39,32.63
2.36,1,3500,3520.57,30.7
2.41,1,3500,3526.14,28.93
2.46,1,3500,3530.34,27.54
2.51,1,3500,3533.92,26.31
2.56,1,3500,3537.27,25.14
2.61,1,3500,3539.56,24.26
2.66,1,3500,3541.13,23.59
2.71,1,3500,3542.57,22.95
2.76,1,3500,3543.6,22.44
2.81,1,3500,3544.82,21.85
2.86,1,3500,3545.63,21.38
2.91,1,3500,3546.04,21.03
2.96,1,3500,3546.64,20.62
3.01,1,3500,3546.66,20.38
3.06,1,3500,3546.58,20.17
3.11,1,3500,3546.6,19.94
3.16,1,3500,3546.22,19.82
3.21,1,3500,3545.96,19.66
3.26,1,3500,3545.51,19.57
3.31,1,3500,3545.03,19.48
3.36,1,3500,3544.73,19.35
3.41,1,3500,3544.5,19.2
3.46,1,3500,3544.42,19
3.51,1,3500,3543.85,18.94
3.56,1,3500,3543.31,18.89
3.61,1,3500,3542.79,18.83
3.66,1,3500,3542.2,18.79
3.71,1,3500,3541.94,18.66
3.76,1,3500,3541.5,18.58
3.81,1,3500,3541.22,18.46
3.86,1,3500,3540.61,18.43
3.91,1,3500,3540.13,18.37
3.96,1,3500,3539.72,18.3
4.01,1,3500,3539.39,18.2
4.06,1,3500,3538.87,18.16
4.11,1,3500,3538.72,18
4.16,1,3500,3538.44,17.9
4.21,1,3500,3537.62,17.95
4.26,1,3500,3536.89,17.98
4.31,1,3500,3536.04,18.05
4.36,1,3500,3535.94,17.9
4.41,1,3500,3535.24,17.93
4.46,1,3500,3534.43,18
4.51,1,3500,3533.71,18.04
4.56,1,3500,3533.67,17.88
4.61,1,3500,3533.04,17.91
4.66,1,3500,3532.34,17.95
4.71,1,3500,3531.92,17.92
4.76,1,3500,3531.27,17.95
4.81,1,3500,3530.76,17.95
4.86,1,3500,3530.32,17.92
4.91,1,3500,3529.81,17.93
4.96,1,3500,3529.32,17.93
5.01,1,3500,3528.95,17.89
5.06,1,3500,3528.5,17.88
5.11,1,3500,3528.23,17.82
5.16,1,3500,3527.92,17.77
5.21,1,3500,3527.67,17.71
5.26,1,3500,3527.54,17.61
5.31,1,3500,3527.26,17.55
5.36,1,3500,3527.25,17.42
5.41,1,3500,3527.24,17.29
5.46,1,3500,3526.87,17.26
5.51,1,3500,3526.73,17.17
5.56,1,3500,3526.49,17.11
5.61,1,3500,3526.32,17.03
5.66,1,3500,3526.2,16.93
5.71,1,3500,3525.89,16.89
5.76,1,3500,3524.9,17.06
5.81,1,3500,3524.75,16.98
5.86,1,3500,3524.32,16.99
5.91,1,3500,3524,16.96
5.96,1,3500,3523.55,16.97
6.01,1,3500,3523.12,16.99
6.06,1,3500,3522.82,16.96
6.11,1,3500,3522.43,16.96
6.16,1,3500,3521.85,17.02
6.21,1,3500,3521.96,16.88
6.26,1,3500,3521.86,16.8
6.31,1,3500,3521.62,16.77
6.36,1,3500,3521.24,16.77
6.41,1,3500,3521.08,16.71
6.46,1,3500,3520.77,16.7
6.51,1,3500,3520.28,16.74
6.56,1,3500,3520.17,16.68
6.61,1,3500,3519.71,16.71
6.66,1,3500,3519.38,16.71
6.71,1,3500,3519.16,16.68
6.76,1,3500,3518.85,16.68
6.81,1,3500,3518.66,16.64
6.86,1,3500,3518.47,16.6
6.91,1,3500,3518,16.65
6.96,1,3500,3517.65,16.67
7.01,1,3500,3517.32,16.68
7.06,1,3500,3517.15,16.64
7.11,1,3500,3517.04,16.59
7.16,1,3500,3516.69,16.61
7.21,1,3500,3516.41,16.61
7.26,1,3500,3516.29,16.57
7.31,1,3500,3516.22,16.51
7.36,1,3500,3515.86,16.53
7.41,1,3500,3515.52,16.56
7.46,1,3500,3515.24,16.56
7.51,1,3500,3514.93,16.58
7.56,1,3500,3514.68,16.58
7.61,1,3500,3514.65,16.51
7.66,1,3500,3514.87,16.38
7.71,1,3500,3514.62,16.37
7.76,1,3500,3514.69,16.28
7.81,1,3500,3514.61,16.23
7.86,1,3500,3514.68,16.14
7.91,1,3500,3514.49,16.12
7.96,1,3500,3514.12,16.16
8.01,1,3500,3514.31,16.03
8.06,1,3500,3514.15,16.01
8.11,1,3500,3514.29,15.9
8.16,1,3500,3513.73,15.99
8.21,1,3500,3513.34,16.04
8.26,1,3500,3513.67,15.88
8.31,1,3500,3513.29,15.92
8.36,1,3500,3512.82,15.99
8.41,1,3500,3512.38,16.06
8.46,1,3500,3512.61,15.93
8.51,1,3500,3512.33,15.95
8.56,1,3500,3511.92,16.02
8.61,1,3500,3511.87,15.97
8.66,1,3500,3511.53,16.01
8.71,1,3500,3511.85,15.86
8.76,1,3500,3511.51,15.9
8.81,1,3500,3511.28,15.91
8.86,1,3500,3511.07,15.92
8.91,1,3500,3510.87,15.93
8.96,1,3500,3511.07,15.81
9.01,1,3500,3511.32,15.68
9.06,1,3500,3511.1,15.69
9.11,1,3500,3511.2,15.6
9.16,1,3500,3511.09,15.58
9.21,1,3500,3511.03,15.54
9.26,1,3500,3510.98,15.5
9.31,1,3500,3510.98,15.45
9.36,1,3500,3510.88,15.42
9.41,1,3500,3510.89,15.37
9.46,1,3500,3510.85,15.33
9.51,1,3500,3510.65,15.33
9.56,1,3500,3510.52,15.32
9.61,1,3500,3510.44,15.29
9.66,1,3500,3510.37,15.25
9.71,1,3500,3510.25,15.24
9.76,1,3500,3510.24,15.19
9.81,1,3500,3510.03,15.2
9.86,1,3500,3509.88,15.2
9.91,1,3500,3509.78,15.18
9.96,1,3500,3509.59,15.19
10.01,1,3500,3509.41,15.19
10.06,1,3500,3509.39,15.15
10.11,1,3500,3509.47,15.08
10.16,1,3500,3509.45,15.04
10.21,1,3500,3509.48,14.98
10.26,1,3500,3509.15,15.03
10.31,1,3500,3509.2,14.98
10.36,1,3500,3508.69,15.08
10.41,1,3500,3508.7,15.03
10.46,1,3500,3508.72,14.99
10.51,1,3500,3508.28,15.07
10.56,1,3500,3508.27,15.04
10.61,1,3500,3508.05,15.06
10.66,1,3500,3508.35,14.93
10.71,1,3500,3507.88,15.03
10.76,1,3500,3507.69,15.05
10.81,1,3500,3507.75,14.99
10.86,1,3500,3507.32,15.08
10.91,1,3500,3507.35,15.03
10.96,1,3500,3507.33,15
11.01,1,3500,3507.27,14.99
11.06,1,3500,3506.75,15.1
11.11,1,3500,3506.62,15.11
11.16,1,3500,3506.54,15.1
11.21,1,3500,3506.46,15.09
11.26,1,3500,3506.64,15.01
11.31,1,3500,3506.65,14.97
11.36,1,3500,3506.27,15.05
11.41,1,3500,3506.26,15.02
11.46,1,3500,3506.09,15.04
11.51,1,3500,3506.09,15.01
11.56,1,3500,3506.09,14.98
11.61,1,3500,3505.68,15.07
11.66,1,3500,3506.05,14.93
11.71,1,3500,3505.9,14.95
11.76,1,3500,3505.75,14.96
11.81,1,3500,3505.66,14.96
11.86,1,3500,3505.58,14.96
11.91,1,3500,3505.5,14.95
11.96,1,3500,3505.38,14.96
12.01,1,3500,3505.31,14.96
12.06,1,3500,3505.14,14.98
12.11,1,3500,3504.88,15.03
12.16,1,3500,3505.19,14.92
12.21,1,3500,3504.88,14.98
12.26,1,3500,3504.54,15.06
12.31,1,3500,3504.56,15.03
12.36,1,3500,3504.63,14.99
12.41,1,3500,3504.4,15.03
12.46,1,3500,3504.48,14.99
12.51,1,3500,3504.21,15.05
12.56,1,3500,3504.45,14.96
12.61,1,3500,3504.42,14.94
12.66,1,3500,3504.15,15
12.71,1,3500,3503.84,15.07
12.76,1,3500,3504.1,14.97
12.81,1,3500,3503.85,15.03
12.86,1,3500,3503.91,14.99
12.91,1,3500,3503.66,15.05
12.96,1,3500,3503.68,15.02
13.01,1,3500,3503.69,15
13.06,1,3500,3503.71,14.98
13.11,1,3500,3503.22,15.1
13.16,1,3500,3503.26,15.08
13.21,1,3500,3503.35,15.03
13.26,1,3500,3503.38,15.01
13.31,1,3500,3503.41,14.98
13.36,1,3500,3503.14,15.05
13.41,1,3500,3503.23,15
13.46,1,3500,3503.62,14.87
13.51,1,3500,3503.39,14.92
13.56,1,3500,3503.17,14.97
13.61,1,3500,3503.16,14.96
13.66,1,3500,3503.11,14.96
13.71,1,3500,3503.05,14.96
13.76,1,3500,3502.9,14.99
13.81,1,3500,3502.65,15.05
13.86,1,3500,3502.77,15
13.91,1,3500,3503.38,14.8
13.96,1,3500,3503.26,14.82
14.01,1,3500,3503.05,14.87
14.06,1,3500,3503.1,14.84
14.11,1,3500,3503.89,14.59
14.16,1,3500,3503.85,14.58
14.21,1,3500,3504.66,14.32
14.26,1,3500,3504.62,14.3
14.31,1,3500,3504.59,14.29
14.36,1,3500,3504.51,14.29
14.41,1,3500,3504.19,14.37
14.46,1,3500,3503.98,14.41
14.51,1,3500,3503.88,14.42
14.56,1,3500,3503.73,14.44
14.61,1,3500,3503.45,14.51
14.66,1,3500,3503.23,14.56
14.71,1,3500,3503.11,14.58
14.76,1,3500,3503.11,14.56
14.81,1,3500,3502.85,14.62
14.86,1,3500,3502.66,14.67
14.91,1,3500,3502.28,14.77
14.96,1,3500,3502.11,14.81
15.01,1,3500,3501.91,14.86
15.06,1,3500,3501.71,14.91
15.11,1,3500,3501.58,14.94
15.16,1,3500,3501.55,14.94
15.21,1,3500,3501.22,15.03
15.26,1,3500,3501.41,14.97
15.31,1,3500,3501.29,15
15.36,1,3500,3501.07,15.05
15.41,1,3500,3501.47,14.93
15.46,1,3500,3501.15,15.02
15.51,1,3500,3501.34,14.96
15.56,1,3500,3501.22,14.98
15.61,1,3500,3501.16,15
15.66,1,3500,3501.2,14.98
15.71,1,3500,3501.19,14.98
15.76,1,3500,3500.88,15.06
15.81,1,3500,3501.09,15
15.86,1,3500,3501.19,14.96
15.91,1,3500,3501.63,14.82
15.96,1,3500,3501.74,14.78
16.01,1,3500,3501.76,14.77
16.06,1,3500,3501.57,14.82
16.11,1,3500,3501.49,14.83
16.16,1,3500,3501.37,14.86
16.21,1,3500,3501.4,14.84
16.26,1,3500,3501.28,14.87
16.31,1,3500,3501.41,14.83
16.36,1,3500,3501.34,14.84
16.41,1,3500,3501.38,14.82
16.46,1,3500,3501.51,14.78
16.51,1,3500,3501.58,14.75
16.56,1,3500,3501.15,14.87
16.61,1,3500,3501.15,14.87
16.66,1,3500,3500.99,14.91
16.71,1,3500,3501.04,14.89
16.76,1,3500,3500.94,14.91
16.81,1,3500,3500.64,15
16.86,1,3500,3500.76,14.96
16.91,1,3500,3500.92,14.91
16.96,1,3500,3500.92,14.9
17.01,1,3500,3500.93,14.89
17.06,1,3500,3500.63,14.98
17.11,1,3500,3500.55,15
17.16,1,3500,3500.27,15.08
17.21,1,3500,3500.51,15.01
17.26,1,3500,3500.73,14.94
17.31,1,3500,3500.45,15.02
17.36,1,3500,3500.87,14.89
17.41,1,3500,3500.68,14.94
17.46,1,3500,3500.55,14.98
17.51,1,3500,3500.52,14.99
17.56,1,3500,3500.54,14.98
17.61,1,3500,3500.22,15.07
17.66,1,3500,3500.56,14.97
17.71,1,3500,3500.48,14.99
17.76,1,3500,3499.95,15.14
17.81,1,3500,3500.21,15.07
17.86,1,3500,3500.5,14.98
17.91,1,3500,3500.37,15.02
17.96,1,3500,3500.55,14.96
18.01,1,3500,3500.57,14.95
18.06,1,3500,3500.65,14.93
18.11,1,3500,3500.66,14.92
18.16,1,3500,3500.48,14.97
18.21,1,3500,3500.36,15
18.26,1,3500,3500.79,14.87
18.31,1,3500,3500.85,14.85
18.36,1,3500,3500.91,14.83
18.41,1,3500,3500.81,14.85
18.46,1,3500,3500.82,14.85
18.51,1,3500,3500.73,14.87
18.56,1,3500,3500.89,14.82
18.61,1,3500,3500.8,14.84
18.66,1,3500,3500.76,14.85
18.71,1,3500,3500.77,14.84
18.76,1,3500,3500.93,14.79
18.81,1,3500,3500.94,14.78
18.86,1,3500,3500.84,14.81
18.91,1,3500,3500.85,14.8
18.96,1,3500,3500.75,14.82
19.01,1,3500,3500.62,14.86
19.06,1,3500,3500.69,14.84
19.11,1,3500,3500.6,14.86
19.16,1,3500,3500.32,14.94
19.21,1,3500,3500.21,14.97
19.26,1,3500,3500.1,15.01
19.31,1,3500,3500.39,14.92
19.36,1,3500,3500.27,14.95
19.41,1,3500,3500.21,14.97
19.46,1,3500,3499.9,15.06
19.51,1,3500,3500.1,15
19.56,1,3500,3499.95,15.04
19.61,1,3500,3500.25,14.95
19.66,1,3500,3498.94,15.35
19.71,1,3500,3499.19,15.28
19.76,1,3500,3499.78,15.1
19.81,1,3500,3500.14,15
19.86,1,3500,3500.28,14.95
19.91,1,3500,3500.22,14.97
19.96,1,3500,3500.36,14.93
20.01,1,3500,3500.39,14.92
20.06,1,3500,3500.57,14.86
20.11,1,3500,3500.49,14.88
20.16,1,3500,3500.67,14.83
20.21,1,3500,3500.84,14.77
20.26,1,3500,3500.99,14.72
20.31,1,3500,3501.04,14.7
20.36,1,3500,3501.09,14.68
20.41,1,3500,3501.24,14.63
20.46,1,3500,3501.28,14.61
20.51,1,3500,3501.41,14.57
20.56,1,3500,3501.54,14.52
20.61,1,3500,3501.66,14.48
20.66,1,3500,3501.83,14.42
20.71,1,3500,3501.84,14.41
20.76,1,3500,3502.2,14.29
20.81,1,3500,3502.34,14.24
20.86,1,3500,3502.42,14.2
20.91,1,3500,3502.6,14.13
20.96,1,3500,3502.82,14.06
21.01,1,3500,3502.83,14.04
21.06,1,3500,3502.94,13.99
21.11,1,3500,3502.64,14.07
21.16,1,3500,3502.71,14.03
21.21,1,3500,3503.02,13.92
21.26,1,3500,3502.97,13.92
21.31,1,3500,3502.77,13.97
21.36,1,3500,3502.58,14.01
21.41,1,3500,3502.71,13.96
21.46,1,3500,3502.42,14.04
21.51,1,3500,3502.5,14
21.56,1,3500,3502.12,14.1
21.61,1,3500,3502.17,14.08
21.66,1,3500,3502.41,13.99
21.71,1,3500,3501.84,14.15
21.76,1,3500,3501.85,14.14
21.81,1,3500,3501.75,14.16
21.86,1,3500,3501.82,14.13
21.91,1,3500,3501.88,14.1
21.96,1,3500,3501.93,14.08
22.01,1,3500,3502.09,14.02
22.06,1,3500,3502.13,14
22.11,1,3500,3501.72,14.11
22.16,1,3500,3501.84,14.07
22.21,1,3500,3501.75,14.08
22.26,1,3500,3501.86,14.04
22.31,1,3500,3501.87,14.03
22.36,1,3500,3501.97,13.99
22.41,1,3500,3501.42,14.14
22.46,1,3500,3501.55,14.1
22.51,1,3500,3501.48,14.11
22.56,1,3500,3501.4,14.13
22.61,1,3500,3501.48,14.1
22.66,1,3500,3501.61,14.05
22.71,1,3500,3501.73,14.01
22.76,1,3500,3501.79,13.98
22.81,1,3500,3501.45,14.07
22.86,1,3500,3501.48,14.06
22.91,1,3500,3501.55,14.03
22.96,1,3500,3501.73,13.97
23.01,1,3500,3501.29,14.09
23.06,1,3500,3501.28,14.09
23.11,1,3500,3501.36,14.06
23.16,1,3500,3501.34,14.06
23.21,1,3500,3501.33,14.05
23.26,1,3500,3501.21,14.08
23.31,1,3500,3501.35,14.03
23.36,1,3500,3501.48,13.99
23.41,1,3500,3501.01,14.12
23.46,1,3500,3501.06,14.1
23.51,1,3500,3500.86,14.16
23.56,1,3500,3500.76,14.18
23.61,1,3500,3500.77,14.17
23.66,1,3500,3500.84,14.15
23.71,1,3500,3500.94,14.12
23.76,1,3500,3500.8,14.15
23.81,1,3500,3500.81,14.15
23.86,1,3500,3500.92,14.11
23.91,1,3500,3500.87,14.12
23.96,1,3500,3501.93,13.8
24.01,1,3500,3501.08,14.04
24.06,1,3500,3500.93,14.08
24.11,1,3500,3500.63,14.17
24.16,1,3500,3500.45,14.22
24.21,1,3500,3500.48,14.21
24.26,1,3500,3500.1,14.32
24.31,1,3500,3499.85,14.39
24.36,1,3500,3499.6,14.47
24.41,1,3500,3499.72,14.43
24.46,1,3500,3499.44,14.52
24.51,1,3500,3499.52,14.5
24.56,1,3500,3499.59,14.48
24.61,1,3500,3499.66,14.46
24.66,1,3500,3499.58,14.49
24.71,1,3500,3499.55,14.5
24.76,1,3500,3499.52,14.51
24.81,1,3500,3499.6,14.49
24.86,1,3500,3499.17,14.62
24.91,1,3500,3499.21,14.61
24.96,1,3500,3499.15,14.63
25.01,1,3500,3499.14,14.64
25.06,1,3500,3499.23,14.62
25.11,1,3500,3499.37,14.58
25.16,1,3500,3499.55,14.53
25.21,1,3500,3499.28,14.61
25.26,1,3500,3499.16,14.65
25.31,1,3500,3499.35,14.6
25.36,1,3500,3499.34,14.61
25.41,1,3500,3499.57,14.54
25.46,1,3500,3499.34,14.61
25.51,1,3500,3499.57,14.54
25.56,1,3500,3499.5,14.57
25.61,1,3500,3499.47,14.58
25.66,1,3500,3499.6,14.54
25.71,1,3500,3499.67,14.53
25.76,1,3500,3499.43,14.6
25.81,1,3500,3499.66,14.53
25.86,1,3500,3499.23,14.66
25.91,1,3500,3499.27,14.66
25.96,1,3500,3499.45,14.6
26.01,1,3500,3499.53,14.58
26.06,1,3500,3499.65,14.55
26.11,1,3500,3499.72,14.53
26.16,1,3500,3499.94,14.47
26.21,1,3500,3500.14,14.41
26.26,1,3500,3500.28,14.36
26.31,1,3500,3500.47,14.31
26.36,1,3500,3500.49,14.3
26.41,1,3500,3500.57,14.27
26.46,1,3500,3500.64,14.25
26.51,1,3500,3500.81,14.19
26.56,1,3500,3500.97,14.14
26.61,1,3500,3501.12,14.09
26.66,1,3500,3501.21,14.06
26.71,1,3500,3501.35,14.01
26.76,1,3500,3501.49,13.96
26.81,1,3500,3501.11,14.07
26.86,1,3500,3501.26,14.02
26.91,1,3500,3501.44,13.96
26.96,1,3500,3501.12,14.04
27.01,1,3500,3501.31,13.98
27.06,1,3500,3500.85,14.11
27.11,1,3500,3501.01,14.06
27.16,1,3500,3501.06,14.04
27.21,1,3500,3501.2,13.99
27.26,1,3500,3500.89,14.08
27.31,1,3500,3500.95,14.06
27.36,1,3500,3501.2,13.98
27.41,1,3500,3500.89,14.07
27.46,1,3500,3501.05,14.01
27.51,1,3500,3501.19,13.97
27.56,1,3500,3500.78,14.08
27.61,1,3500,3501.05,14
27.66,1,3500,3501.29,13.92
27.71,1,3500,3501.13,13.96
27.76,1,3500,3500.32,14.2
27.81,1,3500,3500.51,14.14
27.86,1,3500,3500.53,14.13
27.91,1,3500,3500.7,14.08
27.96,1,3500,3500.87,14.03
28.01,1,3500,3500.98,13.99
28.06,1,3500,3500.58,14.1
28.11,1,3500,3500.75,14.05
28.16,1,3500,3500.96,13.98
28.21,1,3500,3500.61,14.08
28.26,1,3500,3500.63,14.07
28.31,1,3500,3500.7,14.05
28.36,1,3500,3500.72,14.04
28.41,1,3500,3500.88,13.99
28.46,1,3500,3500.69,14.04
28.51,1,3500,3500.75,14.02
28.56,1,3500,3500.91,13.97
28.61,1,3500,3500.57,14.07
28.66,1,3500,3500.74,14.01
28.71,1,3500,3500.65,14.03
28.76,1,3500,3500.87,13.97
28.81,1,3500,3500.33,14.12
28.86,1,3500,3500.41,14.1
28.91,1,3500,3500.44,14.09
28.96,1,3500,3500.62,14.03
29.01,1,3500,3500.54,14.05
29.06,1,3500,3500.61,14.03
29.11,1,3500,3500.43,14.08
29.16,1,3500,3500.46,14.07
29.21,1,3500,3500.64,14.01
29.26,1,3500,3500.65,14
29.31,1,3500,3500.67,13.99
29.36,1,3500,3500.29,14.11
29.41,1,3500,3500.42,14.06
29.46,1,3500,3500.45,14.05
29.51,1,3500,3500.33,14.09
29.56,1,3500,3500.31,14.09
29.61,1,3500,3500.45,14.05
29.66,1,3500,3500.52,14.02
29.71,1,3500,3500.5,14.03
29.76,1,3500,3500.42,14.05
29.81,1,3500,3500.15,14.13
29.86,1,3500,3499.89,14.21
29.91,1,3500,3499.65,14.28
29.96,1,3500,3499.72,14.26
30.01,1,3500,3499.63,14.29
30.06,1,3500,3499.75,14.25
30.11,1,3500,3499.31,14.39
30.16,1,3500,3499.4,14.36
30.21,1,3500,3499.43,14.36
30.26,1,3500,3499.66,14.29
30.31,1,3500,3499.57,14.32
30.36,1,3500,3499.44,14.36
30.41,1,3500,3499.42,14.37
30.46,1,3500,3499.55,14.33
30.51,1,3500,3499.47,14.36
30.56,1,3500,3499.4,14.38
30.61,1,3500,3499.43,14.38
30.66,1,3500,3498.91,14.54
30.71,1,3500,3498.71,14.6
30.76,1,3500,3498.98,14.53
30.81,1,3500,3499.03,14.52
30.86,1,3500,3499.23,14.46
30.91,1,3500,3499.47,14.4
30.96,1,3500,3499.59,14.36
31.01,1,3500,3499.81,14.3
31.06,1,3500,3499.97,14.25
31.11,1,3500,3500.17,14.19
31.16,1,3500,3500.36,14.13
31.21,1,3500,3500.75,14.01
31.26,1,3500,3500.91,13.96
31.31,1,3500,3500.41,14.11
31.36,1,3500,3500.59,14.05
31.41,1,3500,3500.76,14
31.46,1,3500,3500.48,14.08
31.51,1,3500,3500.6,14.04
31.56,1,3500,3500.82,13.97
31.61,1,3500,3500.53,14.05
31.66,1,3500,3500.8,13.97
31.71,1,3500,3500.41,14.08
31.76,1,3500,3500.79,13.97
31.81,1,3500,3500.2,14.14
31.86,1,3500,3500.44,14.07
31.91,1,3500,3500.72,13.98
31.96,1,3500,3500.59,14.02
32.01,1,3500,3500.81,13.95
32.06,1,3500,3500.82,13.94
32.11,1,3500,3500.53,14.02
32.16,1,3500,3500.8,13.94
32.21,1,3500,3500.31,14.08
32.26,1,3500,3500.44,14.04
32.31,1,3500,3500.62,13.98
32.36,1,3500,3500.44,14.04
32.41,1,3500,3500.77,13.94
32.46,1,3500,3500.58,13.99
32.51,1,3500,3500.4,14.04
32.56,1,3500,3500.88,13.89
32.61,1,3500,3500.39,14.04
32.66,1,3500,3500.67,13.95
32.71,1,3500,3500.18,14.09
32.76,1,3500,3500.57,13.97
32.81,1,3500,3500.5,13.99
32.86,1,3500,3500.32,14.04
32.91,1,3500,3500.5,13.99
32.96,1,3500,3500.18,14.08
33.01,1,3500,3500.27,14.05
33.06,1,3500,3500.36,14.03
33.11,1,3500,3500.49,13.99
33.16,1,3500,3500.11,14.1
33.21,1,3500,3500.21,14.07
33.26,1,3500,3500.3,14.04
33.31,1,3500,3500.48,13.98
33.36,1,3500,3500.01,14.12
33.41,1,3500,3500.21,14.06
33.46,1,3500,3500.15,14.08
33.51,1,3500,3500.34,14.02
33.56,1,3500,3500.47,13.98
33.61,1,3500,3500.1,14.09
33.66,1,3500,3500.3,14.03
33.71,1,3500,3500.33,14.02
33.76,1,3500,3500.36,14.01
33.81,1,3500,3500.3,14.02
33.86,1,3500,3500.33,14.01
33.91,1,3500,3500.11,14.08
33.96,1,3500,3499.81,14.17
34.01,1,3500,3499.77,14.18
34.06,1,3500,3499.68,14.21
34.11,1,3500,3499.35,14.31
34.16,1,3500,3499.53,14.26
34.21,1,3500,3499.25,14.34
34.26,1,3500,3499.24,14.35
34.31,1,3500,3499.08,14.4
34.36,1,3500,3498.82,14.48
34.41,1,3500,3498.63,14.55
34.46,1,3500,3498.65,14.55
34.51,1,3500,3498.72,14.54
34.56,1,3500,3498.53,14.6
34.61,1,3500,3498.56,14.6
34.66,1,3500,3498.38,14.66
34.71,1,3500,3498.11,14.75
34.76,1,3500,3497.95,14.8
34.81,1,3500,3497.96,14.81
34.86,1,3500,3497.61,14.93
34.91,1,3500,3496.88,15.16
34.96,1,3500,3497.28,15.05
35.01,1,3500,3497.72,14.94
35.06,1,3500,3497.68,14.96
35.11,1,3500,3497.45,15.04
35.16,1,3500,3497.78,14.95
35.21,1,3500,3497.64,15.01
35.26,1,3500,3497.91,14.94
35.31,1,3500,3497.66,15.02
35.36,1,3500,3497.98,14.94
35.41,1,3500,3497.73,15.02
35.46,1,3500,3498.24,14.88
35.51,1,3500,3498.03,14.95
35.56,1,3500,3498.03,14.96
35.61,1,3500,3498.08,14.96
35.66,1,3500,3497.92,15.01
35.71,1,3500,3498.03,14.99
35.76,1,3500,3498.33,14.91
35.81,1,3500,3497.91,15.05
35.86,1,3500,3498.21,14.97
35.91,1,3500,3498.3,14.95
35.96,1,3500,3498.09,15.02
36.01,1,3500,3498.38,14.94
36.06,1,3500,3498.42,14.94
36.11,1,3500,3498.59,14.9
36.16,1,3500,3498.71,14.87
36.21,1,3500,3498.88,14.82
36.26,1,3500,3498.89,14.83
36.31,1,3500,3498.99,14.8
36.36,1,3500,3499.09,14.78
36.41,1,3500,3499.24,14.74
36.46,1,3500,3499.22,14.74
36.51,1,3500,3499.31,14.72
36.56,1,3500,3499.55,14.65
36.61,1,3500,3499.77,14.59
36.66,1,3500,3499.98,14.53
36.71,1,3500,3500.13,14.48
36.76,1,3500,3500.18,14.47
36.81,1,3500,3500.32,14.43
36.86,1,3500,3500.35,14.41
36.91,1,3500,3500.28,14.43
36.96,1,3500,3500.52,14.36
37.01,1,3500,3500.54,14.35
37.06,1,3500,3500.72,14.3
37.11,1,3500,3500.88,14.24
37.16,1,3500,3501.09,14.18
37.21,1,3500,3501.23,14.13
37.26,1,3500,3501.37,14.08
37.31,1,3500,3501.55,14.02
37.36,1,3500,3501.67,13.97
37.41,1,3500,3501.34,14.07
37.46,1,3500,3501.47,14.02
37.51,1,3500,3501.6,13.97
37.56,1,3500,3501.27,14.07
37.61,1,3500,3501.41,14.02
37.66,1,3500,3501.69,13.93
37.71,1,3500,3501.45,13.99
37.76,1,3500,3501.08,14.09
37.81,1,3500,3501.28,14.03
37.86,1,3500,3501.56,13.94
37.91,1,3500,3501.23,14.03
37.96,1,3500,3501.47,13.95
38.01,1,3500,3501.35,13.98
38.06,1,3500,3501.18,14.02
38.11,1,3500,3501.32,13.97
38.16,1,3500,3501.21,14
38.21,1,3500,3501.8,13.82
38.26,1,3500,3501.76,13.82
38.31,1,3500,3501.67,13.84
38.36,1,3500,3501.43,13.9
38.41,1,3500,3501.41,13.9
38.46,1,3500,3501.19,13.96
38.51,1,3500,3501.03,14
38.56,1,3500,3501.18,13.95
38.61,1,3500,3500.87,14.04
38.66,1,3500,3501.08,13.97
38.71,1,3500,3500.67,14.09
38.76,1,3500,3500.84,14.04
38.81,1,3500,3501.05,13.97
38.86,1,3500,3500.65,14.08
38.91,1,3500,3500.81,14.03
38.96,1,3500,3500.97,13.98
39.01,1,3500,3500.57,14.09
39.06,1,3500,3500.75,14.04
39.11,1,3500,3500.96,13.97
39.16,1,3500,3500.56,14.09
39.21,1,3500,3500.68,14.05
39.26,1,3500,3500.8,14.01
39.31,1,3500,3500.96,13.96
39.36,1,3500,3500.26,14.16
39.41,1,3500,3500.45,14.1
39.46,1,3500,3500.53,14.08
39.51,1,3500,3500.45,14.1
39.56,1,3500,3500.58,14.06
39.61,1,3500,3500.6,14.05
39.66,1,3500,3500.67,14.03
39.71,1,3500,3500.48,14.08
39.76,1,3500,3500.16,14.17
39.81,1,3500,3499.9,14.25
39.86,1,3500,3499.86,14.26
39.91,1,3500,3499.76,14.29
39.96,1,3500,3499.33,14.42
40.01,1,3500,3499.01,14.52
40.06,1,3500,3498.81,14.59
40.11,1,3500,3498.42,14.71
40.16,1,3500,3498.15,14.8
40.21,1,3500,3497.89,14.89
40.26,1,3500,3497.65,14.97
40.31,1,3500,3497.51,15.02
40.36,1,3500,3497.74,14.97
40.41,1,3500,3497.3,15.11
40.46,1,3500,3497.64,15.02
40.51,1,3500,3497.95,14.94
40.56,1,3500,3497.71,15.02
40.61,1,3500,3498.07,14.92
40.66,1,3500,3497.92,14.98
40.71,1,3500,3497.67,15.06
40.76,1,3500,3497.99,14.98
40.81,1,3500,3497.74,15.07
40.86,1,3500,3498.05,14.98
40.91,1,3500,3497.55,15.14
40.96,1,3500,3497.87,15.06
41.01,1,3500,3498.28,14.95
41.06,1,3500,3497.91,15.07
41.11,1,3500,3498.12,15.02
41.16,1,3500,3498.36,14.95
41.21,1,3500,3497.99,15.07
41.26,1,3500,3498.24,15.01
41.31,1,3500,3498.43,14.96
41.36,1,3500,3497.96,15.11
41.41,1,3500,3498.26,15.03
41.46,1,3500,3498.25,15.04
41.51,1,3500,3498.24,15.05
41.56,1,3500,3498.28,15.05
41.61,1,3500,3498.31,15.05
41.66,1,3500,3498.35,15.04
41.71,1,3500,3498.13,15.12
41.76,1,3500,3498.17,15.11
41.81,1,3500,3498.41,15.05
41.86,1,3500,3498.44,15.05
41.91,1,3500,3498.47,15.05
41.96,1,3500,3498.6,15.02
42.01,1,3500,3498.67,15.01
42.06,1,3500,3498.93,14.93
42.11,1,3500,3498.49,15.07
42.16,1,3500,3498.71,15.01
42.21,1,3500,3498.93,14.95
42.26,1,3500,3498.53,15.08
42.31,1,3500,3498.65,15.05
42.36,1,3500,3498.37,15.14
42.41,1,3500,3498.3,15.17
42.46,1,3500,3498.39,15.15
42.51,1,3500,3498.42,15.15
42.56,1,3500,3498.5,15.13
42.61,1,3500,3496.27,15.81
42.66,1,3500,3496.31,15.82
42.71,1,3500,3496.59,15.75
42.76,1,3500,3496.71,15.73
42.81,1,3500,3497.08,15.64
42.86,1,3500,3497.32,15.58
42.91,1,3500,3497.21,15.63
42.96,1,3500,3497.35,15.6
43.01,1,3500,3497.53,15.56
43.06,1,3500,3497.75,15.5
43.11,1,3500,3497.77,15.51
43.16,1,3500,3498.08,15.43
43.21,1,3500,3498.37,15.35
43.26,1,3500,3498.51,15.32
43.31,1,3500,3498.63,15.29
43.36,1,3500,3498.9,15.21
43.41,1,3500,3499,15.19
43.46,1,3500,3499.25,15.12
43.51,1,3500,3499.49,15.05
43.56,1,3500,3499.97,14.91
43.61,1,3500,3499.52,15.05
43.66,1,3500,3499.74,14.98
43.71,1,3500,3499.8,14.96
43.76,1,3500,3499.66,15.01
43.81,1,3500,3499.88,14.94
43.86,1,3500,3499.74,14.99
43.91,1,3500,3499.45,15.07
43.96,1,3500,3499.78,14.98
44.01,1,3500,3499.64,15.02
44.06,1,3500,3499.86,14.96
44.11,1,3500,3499.51,15.06
44.16,1,3500,3499.69,15.01
44.21,1,3500,3499.95,14.93
44.26,1,3500,3499.66,15.02
44.31,1,3500,3499.82,14.97
44.36,1,3500,3499.48,15.08
44.41,1,3500,3499.66,15.03
44.46,1,3500,3499.88,14.96
44.51,1,3500,3499.58,15.05
44.56,1,3500,3499.85,14.97
44.61,1,3500,3499.41,15.11
44.66,1,3500,3499.59,15.06
44.71,1,3500,3499.86,14.98
44.76,1,3500,3499.62,15.05
44.81,1,3500,3499.79,15
44.86,1,3500,3500,14.94
44.91,1,3500,3500.7,14.73
44.96,1,3500,3500.06,14.92
45.01,1,3500,3499.71,15.02
45.06,1,3500,3499.87,14.97
45.11,1,3500,3499.43,15.11
45.16,1,3500,3499.41,15.12
45.21,1,3500,3499.64,15.05
45.26,1,3500,3499.71,15.03
45.31,1,3500,3499.87,14.98
45.36,1,3500,3499.33,15.15
45.41,1,3500,3499.46,15.11
45.46,1,3500,3499.54,15.09
45.51,1,3500,3499.71,15.04
45.56,1,3500,3499.78,15.02
45.61,1,3500,3499.94,14.98
45.66,1,3500,3499.64,15.07
45.71,1,3500,3499.71,15.05
45.76,1,3500,3499.67,15.06
45.81,1,3500,3499.89,15
45.86,1,3500,3499.29,15.18
45.91,1,3500,3499.38,15.15
45.96,1,3500,3499.46,15.13
46.01,1,3500,3499.69,15.07
46.06,1,3500,3499.75,15.05
46.11,1,3500,3499.62,15.09
46.16,1,3500,3499.89,15.01
46.21,1,3500,3500.04,14.97
46.26,1,3500,3499.59,15.1
46.31,1,3500,3499.81,15.04
46.36,1,3500,3500.02,14.98
46.41,1,3500,3499.72,15.07
46.46,1,3500,3499.58,15.11
46.51,1,3500,3499.8,15.04
46.56,1,3500,3500.01,14.98
46.61,1,3500,3499.56,15.12
46.66,1,3500,3499.78,15.05
46.71,1,3500,3499.94,15.01
46.76,1,3500,3500.15,14.94
46.81,1,3500,3500.04,14.98
46.86,1,3500,3499.79,15.05
46.91,1,3500,3499.95,15
46.96,1,3500,3500.1,14.96
47.01,1,3500,3499.75,15.06
47.06,1,3500,3499.96,15
47.11,1,3500,3500.16,14.94
47.16,1,3500,3499.9,15.02
47.21,1,3500,3500.06,14.97
47.26,1,3500,3499.71,15.08
47.31,1,3500,3499.92,15.02
47.36,1,3500,3500.12,14.95
47.41,1,3500,3500.02,14.99
47.46,1,3500,3499.77,15.06
47.51,1,3500,3499.98,15
47.56,1,3500,3499.63,15.1
47.61,1,3500,3499.85,15.04
47.66,1,3500,3500.06,14.98
47.71,1,3500,3499.8,15.05
47.76,1,3500,3500.26,14.92
47.81,1,3500,3500.2,14.93
47.86,1,3500,3499.84,15.04
47.91,1,3500,3500.05,14.98
47.96,1,3500,3499.95,15.01
48.01,1,3500,3500.2,14.93
48.06,1,3500,3499.89,15.03
48.11,1,3500,3500.14,14.95
48.16,1,3500,3499.99,15
48.21,1,3500,3499.64,15.1
48.26,1,3500,3499.86,15.04
48.31,1,3500,3500.11,14.96
48.36,1,3500,3499.76,15.07
48.41,1,3500,3500.02,14.99
48.46,1,3500,3499.77,15.07
48.51,1,3500,3499.93,15.02
48.56,1,3500,3500.18,14.94
48.61,1,3500,3499.87,15.03
48.66,1,3500,3500.18,14.94
48.71,1,3500,3500.02,14.99
48.76,1,3500,3499.67,15.09
48.81,1,3500,3499.94,15.02
48.86,1,3500,3500.14,14.96
48.91,1,3500,3500.18,14.94
48.96,1,3500,3500.27,14.91
49.01,1,3500,3499.86,15.04
49.06,1,3500,3499.32,15.2
49.11,1,3500,3499.65,15.1
49.16,1,3500,3499.87,15.04
49.21,1,3500,3500.23,14.93
49.26,1,3500,3500.21,14.94
49.31,1,3500,3500.15,14.95
49.36,1,3500,3499.8,15.06
49.41,1,3500,3500.01,15
49.46,1,3500,3499.91,15.03
49.51,1,3500,3500.11,14.97
49.56,1,3500,3499.9,15.03
49.61,1,3500,3500.21,14.94
49.66,1,3500,3500.15,14.95
49.71,1,3500,3500.34,14.9
49.76,1,3500,3499.97,15
49.81,1,3500,3500.23,14.93
49.86,1,3500,3500.11,14.96
49.91,1,3500,3500.21,14.93
49.96,1,3500,3500.2,14.93
50.01,1,3500,3500.24,14.92
50.06,1,3500,3500.33,14.89
50.11,1,3500,3500.16,14.94
50.16,1,3500,3500.25,14.91
50.21,1,3500,3500.19,14.93
50.26,1,3500,3500.38,14.87
50.31,1,3500,3500.26,14.91
50.36,1,3500,3500.3,14.89
50.41,1,3500,3500.63,14.79
50.46,1,3500,3500.8,14.74
50.51,1,3500,3500.66,14.78
50.56,1,3500,3500.58,14.8
50.61,1,3500,3500.75,14.74
50.66,1,3500,3500.86,14.71
50.71,1,3500,3501.02,14.66
50.76,1,3500,3501.22,14.59
50.81,1,3500,3501.36,14.54
50.86,1,3500,3501.49,14.5
50.91,1,3500,3501.61,14.45
50.96,1,3500,3501.73,14.41
51.01,1,3500,3501.95,14.33
51.06,1,3500,3502,14.31
51.11,1,3500,3502.15,14.25
51.16,1,3500,3502.19,14.23
51.21,1,3500,3502.33,14.18
51.26,1,3500,3502.42,14.14
51.31,1,3500,3502.5,14.1
51.36,1,3500,3502.57,14.07
51.41,1,3500,3502.59,14.05
51.46,1,3500,3502.66,14.02
51.51,1,3500,3502.78,13.97
51.56,1,3500,3502.09,14.16
51.61,1,3500,3502.14,14.14
51.66,1,3500,3501.98,14.17
51.71,1,3500,3502.03,14.15
51.76,1,3500,3502.13,14.11
51.81,1,3500,3502.22,14.07
51.86,1,3500,3502.01,14.12
51.91,1,3500,3502.01,14.11
51.96,1,3500,3502.11,14.07
52.01,1,3500,3502.1,14.06
52.06,1,3500,3502.2,14.02
52.11,1,3500,3502.29,13.99
52.16,1,3500,3501.57,14.19
52.21,1,3500,3501.45,14.22
52.26,1,3500,3501.47,14.2
52.31,1,3500,3501.6,14.16
52.36,1,3500,3501.57,14.16
52.41,1,3500,3501.64,14.13
52.46,1,3500,3501.71,14.1
52.51,1,3500,3501.82,14.06
52.56,1,3500,3501.98,14
52.61,1,3500,3502.08,13.96
52.66,1,3500,3501.38,14.16
52.71,1,3500,3501.21,14.21
52.76,1,3500,3501.15,14.22
52.81,1,3500,3501.14,14.22
52.86,1,3500,3500.99,14.26
52.91,1,3500,3500.69,14.34
52.96,1,3500,3500.3,14.45
53.01,1,3500,3499.94,14.56
53.06,1,3500,3499.64,14.65
53.11,1,3500,3499.56,14.68
53.16,1,3500,3499.43,14.72
53.21,1,3500,3499.01,14.85
53.26,1,3500,3499.11,14.82
53.31,1,3500,3499.05,14.84
53.36,1,3500,3499,14.86
53.41,1,3500,3498.7,14.96
53.46,1,3500,3498.51,15.02
53.51,1,3500,3498.59,15.01
53.56,1,3500,3498.86,14.93
53.61,1,3500,3498.77,14.97
53.66,1,3500,3498.73,14.98
53.71,1,3500,3498.49,15.06
53.76,1,3500,3498.82,14.97
53.81,1,3500,3499.08,14.9
53.86,1,3500,3499.02,14.92
53.91,1,3500,3499.17,14.88
53.96,1,3500,3498.71,15.02
54.01,1,3500,3498.98,14.95
54.06,1,3500,3498.68,15.04
54.11,1,3500,3498.89,14.99
54.16,1,3500,3498.7,15.05
54.21,1,3500,3499.01,14.96
54.26,1,3500,3498.96,14.98
54.31,1,3500,3498.92,15
54.36,1,3500,3499.32,14.89
54.41,1,3500,3499.1,14.95
54.46,1,3500,3499.2,14.93
54.51,1,3500,3498.89,15.03
54.56,1,3500,3499.04,14.99
54.61,1,3500,3499.14,14.96
54.66,1,3500,3499.09,14.98
54.71,1,3500,3499.08,14.99
54.76,1,3500,3499.18,14.96
54.81,1,3500,3499.12,14.99
54.86,1,3500,3499.31,14.93
54.91,1,3500,3499.45,14.89
54.96,1,3500,3499.57,14.86
55.01,1,3500,3499.6,14.85
55.06,1,3500,3499.72,14.82
55.11,1,3500,3499.68,14.83
55.16,1,3500,3499.45,14.9
55.21,1,3500,3499.52,14.88
55.26,1,3500,3499.4,14.92
55.31,1,3500,3499.48,14.9
55.36,1,3500,3499.55,14.88
55.41,1,3500,3499.43,14.92
55.46,1,3500,3499.45,14.92
55.51,1,3500,3499.38,14.94
55.56,1,3500,3499.26,14.98
55.61,1,3500,3499.2,15
55.66,1,3500,3499.64,14.88
55.71,1,3500,3499.46,14.93
55.76,1,3500,3499.28,14.99
55.81,1,3500,3499.52,14.92
55.86,1,3500,3499.64,14.89
55.91,1,3500,3499.71,14.87
55.96,1,3500,3499.88,14.82
56.01,1,3500,3499.63,14.89
56.06,1,3500,3499.6,14.9
56.11,1,3500,3499.62,14.9
56.16,1,3500,3499.34,14.99
56.21,1,3500,3499.32,14.99
56.26,1,3500,3499.26,15.02
56.31,1,3500,3499.54,14.94
56.36,1,3500,3499.52,14.95
56.41,1,3500,3499.09,15.08
56.46,1,3500,3499.39,14.99
56.51,1,3500,3499.37,15
56.56,1,3500,3500.5,14.66
56.61,1,3500,3500.22,14.74
56.66,1,3500,3500.26,14.73
56.71,1,3500,3500.35,14.7
56.76,1,3500,3500.38,14.69
56.81,1,3500,3500.41,14.68
56.86,1,3500,3500.54,14.64
56.91,1,3500,3500.42,14.68
56.96,1,3500,3500.44,14.67
57.01,1,3500,3500.57,14.62
57.06,1,3500,3500.64,14.6
57.11,1,3500,3500.71,14.58
57.16,1,3500,3500.83,14.54
57.21,1,3500,3500.73,14.56
57.26,1,3500,3500.85,14.52
57.31,1,3500,3500.86,14.52
57.36,1,3500,3500.86,14.51
57.41,1,3500,3500.77,14.54
57.46,1,3500,3500.68,14.56
57.51,1,3500,3500.8,14.52
57.56,1,3500,3500.86,14.5
57.61,1,3500,3500.86,14.49
57.66,1,3500,3500.92,14.47
57.71,1,3500,3500.83,14.49
57.76,1,3500,3500.93,14.46
57.81,1,3500,3500.89,14.47
57.86,1,3500,3500.94,14.45
57.91,1,3500,3500.8,14.48
57.96,1,3500,3500.86,14.46
58.01,1,3500,3500.61,14.53
58.06,1,3500,3500.28,14.63
58.11,1,3500,3500.22,14.65
58.16,1,3500,3500.16,14.66
58.21,1,3500,3499.9,14.74
58.26,1,3500,3499.55,14.84
58.31,1,3500,3499.23,14.94
58.36,1,3500,3499.22,14.95
58.41,1,3500,3499.1,14.99
58.46,1,3500,3499.05,15.01
58.51,1,3500,3499.75,14.8
58.56,1,3500,3499.71,14.82
58.61,1,3500,3499.72,14.81
58.66,1,3500,3499.69,14.83
58.71,1,3500,3499.4,14.91
58.76,1,3500,3499.33,14.94
58.81,1,3500,3499.22,14.98
58.86,1,3500,3498.96,15.06
58.91,1,3500,3499.16,15
58.96,1,3500,3499.4,14.93
59.01,1,3500,3499.08,15.03
59.06,1,3500,3499.33,14.96
59.11,1,3500,3499.26,14.99
59.16,1,3500,3498.85,15.11
59.21,1,3500,3499.1,15.04
59.26,1,3500,3499.3,14.99
59.31,1,3500,3498.88,15.12
59.36,1,3500,3499.04,15.08
59.41,1,3500,3499.34,14.99
59.46,1,3500,3499.32,15
59.51,1,3500,3498.91,15.13
59.56,1,3500,3499.21,15.04
59.61,1,3500,3499.45,14.97
59.66,1,3500,3499.53,14.95
59.71,1,3500,3499.05,15.1
59.76,1,3500,3499.35,15.01
59.81,1,3500,3499.58,14.95
59.86,1,3500,3499.4,15
59.91,1,3500,3499.63,14.94
59.96,1,3500,3499.4,15.01
60.01,1,3500,3499.63,14.94
60.06,1,3500,3499.2,15.07
60.11,1,3500,3499.44,15.01
60.16,1,3500,3499.67,14.94
60.21,1,3500,3499.38,15.03
60.26,1,3500,3499.61,14.96
60.31,1,3500,3499.73,14.93
60.36,1,3500,3499.45,15.01
60.41,1,3500,3499.67,14.95
60.46,1,3500,3499.84,14.9
60.51,1,3500,3499.6,14.97
60.56,1,3500,3499.37,15.05
60.61,1,3500,3499.55,14.99
60.66,1,3500,3499.32,15.06
60.71,1,3500,3499.71,14.95
60.76,1,3500,3499.47,15.02
60.81,1,3500,3500,14.87
60.86,1,3500,3499.95,14.88
60.91,1,3500,3500,14.87
60.96,1,3500,3499.95,14.88
61.01,1,3500,3499.6,14.99
61.06,1,3500,3499.47,15.03
61.11,1,3500,3499.7,14.96
61.16,1,3500,3499.26,15.1
61.21,1,3500,3499.55,15.01
61.26,1,3500,3499.77,14.95
61.31,1,3500,3499.73,14.96
61.36,1,3500,3499.4,15.06
61.41,1,3500,3499.63,15
61.46,1,3500,3499.4,15.07
61.51,1,3500,3499.88,14.93
61.56,1,3500,3500.03,14.88
61.61,1,3500,3499.93,14.91
61.66,1,3500,3500.14,14.85
61.71,1,3500,3500.08,14.87
61.76,1,3500,3499.82,14.94
61.81,1,3500,3499.93,14.91
61.86,1,3500,3499.89,14.93
61.91,1,3500,3499.84,14.94
61.96,1,3500,3499.9,14.92
62.01, PHAE RETURN,,,
62.01,2,0,3499.66,0
62.06,2,0,3490.92,0
62.11,2,0,3482.33,0
62.16,2,0,3473.96,0
62.21,2,0,3465.86,0
62.26,2,0,3458.17,0
62.31,2,0,3451.01,0
62.36,2,0,3444.16,0
62.41,2,0,3437.55,0
62.46,2,0,3431.27,0
62.51,2,0,3425.46,0
62.56,2,0,3419.89,0
62.61,2,0,3415.09,0
62.66,2,0,3409.94,0
62.71,2,0,3405.24,0
62.76,2,0,3400.58,0
62.81,2,0,3396.15,0
62.86,2,0,3391.99,0
62.91,2,0,3387.29,0
62.96,2,0,3383.53,0
63.01,2,0,3379.9,0
63.06,2,0,3376.56,0
63.11,2,0,3373.33,0
63.16,2,0,3370.26,0
63.21,2,0,3367.35,0
63.26,2,0,3364.58,0
63.31,2,0,3361.95,0
63.36,2,0,3359.46,0
63.41,2,0,3357.03,0
63.46,2,0,3354.68,0
63.51,2,0,3352.35,0
63.56,2,0,3350.33,0
63.61,2,0,3348.16,0
63.66,2,0,3346.36,0
63.71,2,0,3344.64,0
63.76,2,0,3343.01,0
63.81,2,0,3341.41,0
63.86,2,0,3339.94,0
63.91,2,0,3338.54,0
63.96,2,0,3337.21,0
64.01,2,0,3335.95,0
64.06,2,0,3334.7,0
64.11,2,0,3333.52,0
64.16,2,0,3332.39,0
64.21,2,0,3331.42,0
64.26,2,0,3330.35,0
64.31,2,0,3329.43,0
64.36,2,0,3328.51,0
64.41,2,0,3327.64,0
64.46,2,0,3326.8,0
64.51,2,0,3325.81,0
64.56,2,0,3325.12,0
64.61,2,0,3324.42,0
64.66,2,0,3323.3,0
64.71,2,0,3322.78,0
64.76,2,0,3322.14,0
64.81,2,0,3321.64,0
64.86,2,0,3321.05,0
64.91,2,0,3320.55,0
64.96,2,0,3320.12,0
65.01,2,0,3319.67,0
65.06,2,0,3319.08,0
65.11,2,0,3318.73,0
65.16,2,0,3318.34,0
65.21,2,0,3317.83,0
65.26,2,0,3317.39,0
65.31,2,0,3317.07,0
65.36,2,0,3316.76,0
65.41,2,0,3316.27,0
65.46,2,0,3315.71,0
65.51,2,0,3315.28,0
65.56,2,0,3314.66,0
65.61,2,0,3314.33,0
65.66,2,0,3313.96,0
65.71,2,0,3313.36,0
65.76,2,0,3312.95,0
65.81,2,0,3312.55,0
65.86,2,0,3311.87,0
65.91,2,0,3311.58,0
65.96,2,0,3310.95,0
66.01,2,0,3310.7,0
66.06,2,0,3310.12,0
66.11,2,0,3309.76,0
66.16,2,0,3309.02,0
66.21,2,0,3308.62,0
66.26,2,0,3308.29,0
66.31,2,0,3307.88,0
66.36,2,0,3307.43,0
66.41,2,0,3307.06,0
66.46,2,0,3306.86,0
66.51,2,0,3306.56,0
66.56,2,0,3306.34,0
66.61,2,0,3305.87,0
66.66,2,0,3305.63,0
66.71,2,0,3305.34,0
66.76,2,0,3305.18,0
66.81,2,0,3305.27,0
66.86,2,0,3304.75,0
66.91,2,0,3304.57,0
66.96,2,0,3304.19,0
67.01,2,0,3303.93,0
67.06,2,0,3303.88,0
67.11,2,0,3303.54,0
67.16,2,0,3303.46,0
67.21,2,0,3303.29,0
67.26,2,0,3303.02,0
67.31,2,0,3302.77,0
67.36,2,0,3302.58,0
67.41,2,0,3302.41,0
67.46,2,0,3302.33,0
67.51,2,0,3302.27,0
67.56,2,0,3302.25,0
67.61,2,0,3302.24,0
67.66,2,0,3301.88,0
67.71,2,0,3301.54,0
67.76,2,0,3301.41,0
67.81,2,0,3301.49,0
67.86,2,0,3301.56,0
67.91,2,0,3301.44,0
67.96,2,0,3301.41,0
68.01,2,0,3301.59,0
68.06,2,0,3301.51,0
68.11,2,0,3301.59,0
68.16,2,0,3301.86,0
68.21,2,0,3301.92,0
68.26,2,0,3302.07,0
68.31,2,0,3302.27,0
68.36,2,0,3302.25,0
68.41,2,0,3302.44,0
68.46,2,0,3302.47,0
68.51,2,0,3302.5,0
68.56,2,0,3302.52,0
68.61,2,0,3303.09,0
68.66,2,0,3303.24,0
68.71,2,0,3303.43,0
68.76,2,0,3303.61,0
68.81,2,0,3303.78,0
68.86,2,0,3303.74,0
68.91,2,0,3303.7,0
68.96,2,0,3303.77,0
69.01,2,0,3303.73,0
69.06,2,0,3303.89,0
69.11,2,0,3303.95,0
69.16,2,0,3303.9,0
69.21,2,0,3303.85,0
69.26,2,0,3303.81,0
69.31,2,0,3303.87,0
69.36,2,0,3303.98,0
69.41,2,0,3304.08,0
69.46,2,0,3304.12,0
69.51,2,0,3304.12,0
69.56,2,0,3304.26,0
69.61,2,0,3304.2,0
69.66,2,0,3304.29,0
69.71,2,0,3304.17,0
69.76,2,0,3304.07,0
69.81,2,0,3304.21,0
69.86,2,0,3304.15,0
69.91,2,0,3303.99,0
69.96,2,0,3303.84,0
70.01,2,0,3303.7,0
70.06,2,0,3303.67,0
70.11,2,0,3303.78,0
70.16,2,0,3303.69,0
70.21,2,0,3303.41,0
70.26,2,0,3303.59,0
70.31,2,0,3303.41,0
70.36,2,0,3303.29,0
70.41,2,0,3303.18,0
70.46,2,0,3303.07,0
70.51,2,0,3303.21,0
70.56,2,0,3303.1,0
70.61,2,0,3303.1,0
70.66,2,0,3303.09,0
70.71,2,0,3303.04,0
70.76,2,0,3302.84,0
70.81,2,0,3303.04,0
70.86,2,0,3302.94,0
70.91,2,0,3302.94,0
70.96,2,0,3303.05,0
71.01,2,0,3302.95,0
71.06,2,0,3302.8,0
71.11,2,0,3302.96,0
71.16,2,0,3302.91,0
71.21,2,0,3303.01,0
71.26,2,0,3302.96,0
71.31,2,0,3303.07,0
71.36,2,0,3303.26,0
71.41,2,0,3303.35,0
71.46,2,0,3303.53,0
71.51,2,0,3303.66,0
71.56,2,0,3303.97,0
71.61,2,0,3304.07,0
71.66,2,0,3304.22,0
71.71,2,0,3304.46,0
71.76,2,0,3304.39,0
71.81,2,0,3304.62,0
71.86,2,0,3304.69,0
71.91,2,0,3304.75,0
71.96,2,0,3304.61,0
72.01,2,0,3304.68,0
72.06,2,0,3304.7,0
72.11,2,0,3304.46,0
72.16,2,0,3304.44,0
72.21,2,0,3304.22,0
72.26,2,0,3304.06,0
72.31,2,0,3304.01,0
72.36,2,0,3303.8,0
