1.45,3500.00,2953.43,181.19
1.50,3500.00,2994.31,171.66
1.55,3500.00,3032.59,162.71
1.60,3500.00,3068.46,154.28
1.65,3500.00,3101.79,146.44
1.70,3500.00,3132.65,139.17
1.75,3500.00,3161.67,132.31
1.80,3500.00,3188.38,125.98
1.85,3500.00,3213.26,120.08
1.90,3500.00,3236.70,114.48
1.95,3500.00,3258.07,109.39
2.00,3500.00,3278.11,104.58
2.05,3500.00,3296.76,100.10
2.10,3500.00,3314.22,95.87
2.15,3500.00,3330.26,91.99
2.20,3500.00,3344.89,88.45
2.25,3500.00,3358.40,85.17
2.30,3500.00,3373.53,81.34
2.35,3500.00,3385.00,78.53
2.40,3500.00,3394.70,76.20
2.45,3500.00,3404.12,73.90
2.50,3500.00,3412.86,71.76
2.55,3500.00,3420.77,69.82
2.60,3500.00,3428.28,67.96
2.65,3500.00,3435.27,66.23
2.70,3500.00,3441.65,64.63
2.75,3500.00,3447.82,63.07
2.80,3500.00,3453.23,61.71
2.85,3500.00,3458.12,60.48
2.90,3500.00,3462.76,59.30
2.95,3500.00,3466.97,58.22
3.00,3500.00,3470.77,57.24
3.05,3500.00,3474.39,56.31
3.10,3500.00,3477.57,55.48
3.15,3500.00,3480.49,54.72
3.20,3500.00,3483.16,54.01
3.25,3500.00,3485.81,53.30
3.30,3500.00,3488.32,52.62
3.35,3500.00,3490.40,52.05
3.40,3500.00,3492.43,51.49
3.45,3500.00,3494.46,50.92
3.50,3500.00,3496.04,50.48
3.55,3500.00,3497.38,50.09
3.60,3500.00,3498.61,49.74
3.65,3500.00,3499.83,49.38
3.70,3500.00,3500.84,49.08
3.75,3500.00,3502.05,48.71
3.80,3500.00,3503.00,48.41
3.85,3500.00,3503.85,48.14
3.90,3500.00,3504.60,47.90
3.95,3500.00,3505.27,47.67
4.00,3500.00,3505.56,47.56
4.05,3500.00,3506.23,47.33
4.10,3500.00,3506.87,47.11
4.15,3500.00,3507.53,46.88
4.20,3500.00,3507.70,46.79
4.25,3500.00,3507.97,46.67
4.30,3500.00,3508.32,46.53
4.35,3500.00,3508.65,46.38
4.40,3500.00,3508.97,46.24
4.45,3500.00,3509.27,46.11
4.50,3500.00,3509.56,45.98
4.55,3500.00,3509.98,45.80
4.60,3500.00,3510.28,45.66
4.65,3500.00,3510.07,45.68
4.70,3500.00,3510.11,45.61
4.75,3500.00,3510.26,45.52
4.80,3500.00,3510.59,45.36
4.85,3500.00,3510.41,45.37
4.90,3500.00,3510.39,45.32
4.95,3500.00,3510.62,45.20
5.00,3500.00,3510.84,45.08
5.05,3500.00,3511.00,44.98
5.10,3500.00,3510.90,44.95
5.15,3500.00,3511.01,44.87
5.20,3500.00,3511.00,44.81
5.25,3500.00,3510.90,44.79
5.30,3500.00,3511.21,44.64
5.35,3500.00,3511.45,44.51
5.40,3500.00,3511.83,44.34
5.45,3500.00,3512.23,44.16
5.50,3500.00,3512.52,44.01
5.55,3500.00,3512.75,43.88
5.60,3500.00,3512.86,43.79
5.65,3500.00,3513.07,43.66
5.70,3500.00,3513.26,43.54
5.75,3500.00,3513.60,43.37
5.80,3500.00,3513.37,43.37
5.85,3500.00,3513.30,43.32
5.90,3500.00,3513.34,43.25
5.95,3500.00,3513.82,43.03
6.00,3500.00,3513.58,43.04
6.05,3500.00,3513.80,42.90
6.10,3500.00,3513.96,42.79
6.15,3500.00,3513.81,42.76
6.20,3500.00,3513.57,42.76
6.25,3500.00,3513.44,42.74
6.30,3500.00,3513.27,42.72
6.35,3500.00,3512.96,42.75
6.40,3500.00,3512.76,42.74
6.45,3500.00,3512.67,42.70
6.50,3500.00,3512.74,42.62
6.55,3500.00,3512.65,42.58
6.60,3500.00,3512.47,42.58
6.65,3500.00,3512.59,42.48
6.70,3500.00,3512.31,42.50
6.75,3500.00,3512.40,42.41
6.80,3500.00,3512.43,42.34
6.85,3500.00,3512.31,42.31
6.90,3500.00,3512.24,42.27
6.95,3500.00,3512.53,42.12
7.00,3500.00,3512.60,42.04
7.05,3500.00,3512.47,42.01
7.10,3500.00,3512.55,41.93
7.15,3500.00,3512.27,41.95
7.20,3500.00,3512.31,41.88
7.25,3500.00,3512.14,41.87
7.30,3500.00,3512.04,41.84
7.35,3500.00,3511.73,41.87
7.40,3500.00,3511.70,41.82
7.45,3500.00,3511.66,41.77
7.50,3500.00,3511.73,41.69
7.55,3500.00,3511.89,41.59
7.60,3500.00,3511.50,41.64
7.65,3500.00,3511.42,41.61
7.70,3500.00,3511.20,41.62
7.75,3500.00,3510.99,41.63
7.80,3500.00,3510.59,41.69
7.85,3500.00,3510.31,41.72
7.90,3500.00,3510.00,41.76
7.95,3500.00,3510.05,41.70
8.00,3500.00,3510.04,41.65
8.05,3500.00,3510.39,41.50
8.10,3500.00,3510.42,41.43
8.15,3500.00,3510.40,41.39
8.20,3500.00,3510.23,41.39
8.25,3500.00,3510.02,41.40
8.30,3500.00,3509.87,41.40
8.35,3500.00,3509.92,41.33
8.40,3500.00,3510.18,41.20
8.45,3500.00,3510.17,41.16
8.50,3500.00,3510.31,41.06
8.55,3500.00,3510.15,41.06
8.60,3500.00,3510.14,41.01
8.65,3500.00,3509.88,41.04
8.70,3500.00,3510.14,40.91
8.75,3500.00,3509.98,40.91
8.80,3500.00,3509.73,40.93
8.85,3500.00,3509.74,40.88
8.90,3500.00,3509.56,40.89
8.95,3500.00,3509.28,40.92
9.00,3500.00,3509.07,40.94
9.05,3500.00,3509.01,40.91
9.10,3500.00,3508.91,40.90
9.15,3500.00,3508.67,40.93
9.20,3500.00,3508.43,40.95
9.25,3500.00,3508.26,40.96
9.30,3500.00,3508.05,40.98
9.35,3500.00,3508.15,40.91
9.40,3500.00,3508.04,40.91
9.45,3500.00,3507.99,40.88
9.50,3500.00,3507.89,40.87
9.55,3500.00,3507.69,40.89
9.60,3500.00,3505.91,41.39
9.65,3500.00,3506.16,41.28
9.70,3500.00,3506.15,41.25
9.75,3500.00,3506.40,41.15
9.80,3500.00,3506.33,41.14
9.85,3500.00,3506.36,41.10
9.90,3500.00,3506.39,41.06
9.95,3500.00,3506.57,40.97
10.00,3500.00,3506.64,40.92
10.05,3500.00,3506.51,40.92
10.10,3500.00,3506.49,40.90
10.15,3500.00,3506.36,40.90
10.20,3500.00,3506.14,40.94
10.25,3500.00,3505.79,41.01
10.30,3500.00,3505.65,41.02
10.35,3500.00,3505.26,41.11
10.40,3500.00,3504.20,41.40
10.45,3500.00,3502.69,41.84
10.50,3500.00,3500.41,42.51
10.55,3500.00,3497.19,43.47
10.60,3500.00,3492.38,44.93
10.65,3500.00,3485.11,47.15
10.70,3500.00,3475.70,50.04
10.75,3500.00,3464.27,53.60
10.80,3500.00,3451.05,57.74
10.85,3500.00,3437.50,62.05
10.90,3500.00,3426.68,65.61
10.95,3500.00,3418.24,68.51
11.00,3500.00,3414.28,70.10
11.05,3500.00,3410.62,71.63
11.10,3500.00,3406.94,73.18
11.15,3500.00,3403.94,74.55
11.20,3500.00,3401.39,75.79
11.25,3500.00,3399.47,76.86
11.30,3500.00,3398.05,77.79
11.35,3500.00,3396.75,78.69
11.40,3500.00,3393.76,80.10
11.45,3500.00,3392.92,80.88
11.50,3500.00,3392.07,81.67
11.55,3500.00,3391.42,82.41
11.60,3500.00,3391.00,83.08
11.65,3500.00,3390.80,83.68
11.70,3500.00,3390.66,84.27
11.75,3500.00,3390.63,84.83
11.80,3500.00,3390.70,85.36
11.85,3500.00,3390.81,85.87
11.90,3500.00,3391.17,86.31
11.95,3500.00,3391.66,86.70
12.00,3500.00,3392.08,87.12
12.05,3500.00,3392.42,87.55
12.10,3500.00,3392.75,87.99
12.15,3500.00,3393.02,88.45
12.20,3500.00,3393.46,88.85
12.25,3500.00,3393.74,89.30
12.30,3500.00,3394.45,89.62
12.35,3500.00,3395.13,89.94
12.40,3500.00,3395.77,90.27
12.45,3500.00,3396.49,90.58
12.50,3500.00,3397.06,90.93
12.55,3500.00,3397.66,91.26
12.60,3500.00,3398.38,91.56
12.65,3500.00,3399.21,91.82
12.70,3500.00,3400.00,92.09
12.75,3500.00,3400.90,92.32
12.80,3500.00,3401.95,92.49
12.85,3500.00,3402.75,92.74
12.90,3500.00,3403.77,92.93
12.95,3500.00,3404.18,93.28
13.00,3500.00,3404.42,93.69
13.05,3500.00,3404.65,94.10
13.10,3500.00,3408.22,93.51
13.15,3500.00,3408.20,93.97
13.20,3500.00,3407.49,94.64
13.25,3500.00,3407.82,95.01
13.30,3500.00,3408.18,95.36
13.35,3500.00,3408.42,95.75
13.40,3500.00,3408.70,96.12
13.45,3500.00,3408.81,96.54
13.50,3500.00,3408.92,96.96
13.55,3500.00,3409.03,97.39
13.60,3500.00,3409.28,97.77
13.65,3500.00,3409.46,98.17
13.70,3500.00,3409.94,98.48
13.75,3500.00,3410.34,98.81
13.80,3500.00,3410.97,99.06
13.85,3500.00,3411.48,99.36
13.90,3500.00,3412.15,99.60
13.95,3500.00,3412.44,99.95
14.00,3500.00,3413.12,100.18
14.05,3500.00,3413.77,100.43
14.10,3500.00,3414.23,100.72
14.15,3500.00,3414.62,101.03
14.20,3500.00,3415.19,101.29
14.25,3500.00,3415.58,101.59
14.30,3500.00,3416.00,101.89
14.35,3500.00,3416.35,102.20
14.40,3500.00,3416.98,102.43
14.45,3500.00,3417.48,102.70
14.50,3500.00,3418.56,102.79
14.55,3500.00,3419.48,102.92
14.60,3500.00,3419.85,103.21
14.65,3500.00,3420.86,103.31
14.70,3500.00,3421.67,103.46
14.75,3500.00,3422.44,103.62
14.80,3500.00,3423.31,103.75
14.85,3500.00,3424.05,103.91
14.90,3500.00,3424.45,104.17
14.95,3500.00,3424.97,104.39
15.00,3500.00,3425.52,104.60
15.05,3500.00,3426.25,104.75
15.10,3500.00,3426.79,104.96
15.15,3500.00,3427.50,105.12
15.20,3500.00,3428.27,105.25
15.25,3500.00,3429.01,105.38
15.30,3500.00,3429.86,105.48
15.35,3500.00,3430.61,105.61
15.40,3500.00,3431.38,105.72
15.45,3500.00,3432.16,105.83
15.50,3500.00,3433.21,105.86
15.55,3500.00,3434.40,105.84
15.60,3500.00,3435.73,105.76
15.65,3500.00,3437.09,105.68
15.70,3500.00,3438.39,105.60
15.75,3500.00,3440.37,105.32
15.80,3500.00,3442.40,105.00
15.85,3500.00,3444.23,104.74
15.90,3500.00,3445.87,104.53
15.95,3500.00,3447.37,104.35
16.00,3500.00,3448.50,104.27
16.05,3500.00,3449.68,104.18
16.10,3500.00,3450.65,104.14
16.15,3500.00,3451.26,104.20
16.20,3500.00,3451.65,104.33
16.25,3500.00,3452.47,104.33
16.30,3500.00,3453.19,104.35
16.35,3500.00,3453.68,104.43
16.40,3500.00,3454.40,104.45
16.45,3500.00,3454.63,104.61
16.50,3500.00,3455.35,104.62
16.55,3500.00,3456.23,104.58
16.60,3500.00,3456.92,104.59
16.65,3500.00,3457.67,104.58
16.70,3500.00,3458.39,104.58
16.75,3500.00,3459.12,104.57
16.80,3500.00,3459.86,104.55
16.85,3500.00,3460.72,104.49
16.90,3500.00,3460.83,104.65
16.95,3500.00,3460.79,104.86
17.00,3500.00,3460.85,105.04
17.05,3500.00,3461.11,105.16
17.10,3500.00,3460.85,105.43
17.15,3500.00,3460.76,105.65
17.20,3500.00,3460.47,105.93
17.25,3500.00,3460.25,106.20
17.30,3500.00,3460.09,106.45
17.35,3500.00,3459.93,106.69
17.40,3500.00,3459.89,106.91
17.45,3500.00,3459.79,107.14
17.50,3500.00,3459.85,107.32
17.55,3500.00,3460.01,107.47
17.60,3500.00,3460.56,107.51
17.65,3500.00,3461.08,107.55
17.70,3500.00,3461.63,107.58
17.75,3500.00,3462.15,107.62
17.80,3500.00,3462.64,107.66
17.85,3500.00,3463.21,107.67
17.90,3500.00,3463.80,107.68
17.95,3500.00,3464.71,107.59
18.00,3500.00,3465.42,107.55
18.05,3500.00,3466.20,107.49
18.10,3500.00,3466.54,107.56
18.15,3500.00,3466.26,107.81
18.20,3500.00,3465.60,108.17
18.25,3500.00,3465.07,108.51
18.30,3500.00,3464.47,108.86
18.35,3500.00,3464.24,109.11
18.40,3500.00,3464.38,109.24
18.45,3500.00,3465.01,109.23
18.50,3500.00,3466.66,108.91
18.55,3500.00,3467.18,108.92
18.60,3500.00,3468.22,108.78
18.65,3500.00,3468.86,108.74
18.70,3500.00,3469.76,108.63
18.75,3500.00,3470.03,108.70
18.80,3500.00,3470.73,108.64
18.85,3500.00,3470.94,108.72
18.90,3500.00,3471.34,108.75
18.95,3500.00,3472.02,108.68
19.00,3500.00,3472.72,108.62
19.05,3500.00,3473.34,108.57
19.10,3500.00,3473.82,108.56
19.15,3500.00,3474.43,108.50
19.20,3500.00,3474.66,108.56
19.25,3500.00,3475.27,108.50
19.30,3500.00,3475.56,108.54
19.35,3500.00,3476.13,108.49
19.40,3500.00,3476.68,108.45
19.45,3500.00,3477.09,108.44
19.50,3500.00,3477.74,108.36
19.55,3500.00,3478.35,108.29
19.60,3500.00,3478.63,108.31
19.65,3500.00,3478.90,108.34
19.70,3500.00,3479.26,108.34
19.75,3500.00,3479.64,108.33
19.80,3500.00,3480.16,108.27
19.85,3500.00,3480.40,108.30
19.90,3500.00,3480.73,108.30
19.95,3500.00,3481.05,108.30
20.00,3500.00,3481.34,108.31
20.05,3500.00,3481.78,108.27
20.10,3500.00,3482.19,108.24
20.15,3500.00,3482.38,108.27
20.20,3500.00,3482.56,108.30
20.25,3500.00,3482.83,108.31
20.30,3500.00,3483.24,108.27
20.35,3500.00,3484.18,108.07
20.40,3500.00,3484.42,108.08
20.45,3500.00,3484.70,108.08
20.50,3500.00,3484.96,108.07
20.55,3500.00,3485.17,108.09
20.60,3500.00,3485.26,108.13
20.65,3500.00,3485.39,108.17
20.70,3500.00,3485.52,108.20
20.75,3500.00,3485.75,108.21
20.80,3500.00,3485.81,108.26
20.85,3500.00,3485.82,108.33
20.90,3500.00,3485.88,108.38
20.95,3500.00,3485.94,108.43
21.00,3500.00,3485.79,108.55
21.05,3500.00,3485.95,108.57
21.10,3500.00,3486.05,108.61
21.15,3500.00,3486.10,108.67
21.20,3500.00,3486.14,108.72
21.25,3500.00,3486.14,108.79
21.30,3500.00,3486.08,108.88
21.35,3500.00,3485.68,109.07
21.40,3500.00,3485.64,109.15
21.45,3500.00,3485.76,109.19
21.50,3500.00,3485.82,109.24
21.55,3500.00,3485.98,109.26
21.60,3500.00,3485.98,109.33
21.65,3500.00,3485.93,109.42
21.70,3500.00,3485.69,109.56
21.75,3500.00,3485.55,109.67
21.80,3500.00,3485.47,109.77
21.85,3500.00,3485.50,109.83
21.90,3500.00,3485.38,109.94
21.95,3500.00,3485.96,109.84
22.00,3500.00,3485.61,110.02
22.05,3500.00,3485.73,110.05
22.10,3500.00,3485.79,110.11
22.15,3500.00,3486.60,109.93
22.20,3500.00,3486.52,110.03
22.25,3500.00,3486.45,110.12
22.30,3500.00,3486.42,110.19
22.35,3500.00,3486.50,110.23
22.40,3500.00,3486.73,110.23
22.45,3500.00,3486.69,110.31
22.50,3500.00,3486.71,110.37
22.55,3500.00,3486.92,110.38
22.60,3500.00,3487.02,110.41
22.65,3500.00,3487.17,110.43
22.70,3500.00,3487.01,110.54
22.75,3500.00,3486.91,110.64
22.80,3500.00,3486.87,110.72
22.85,3500.00,3486.93,110.77
22.90,3500.00,3486.93,110.83
22.95,3500.00,3486.83,110.92
23.00,3500.00,3486.89,110.97
23.05,3500.00,3486.95,111.02
23.10,3500.00,3487.05,111.06
23.15,3500.00,3487.55,110.97
23.20,3500.00,3487.42,111.07
23.25,3500.00,3487.45,111.13
23.30,3500.00,3487.63,111.14
23.35,3500.00,3487.69,111.18
23.40,3500.00,3487.91,111.17
23.45,3500.00,3488.06,111.19
23.50,3500.00,3488.31,111.17
23.55,3500.00,3488.54,111.16
23.60,3500.00,3488.67,111.18
23.65,3500.00,3488.63,111.25
23.70,3500.00,3488.30,111.40
23.75,3500.00,3488.09,111.53
23.80,3500.00,3487.93,111.63
23.85,3500.00,3487.39,111.86
23.90,3500.00,3486.92,112.06
23.95,3500.00,3488.62,111.62
24.00,3500.00,3488.24,111.79
24.05,3500.00,3488.28,111.83
24.10,3500.00,3488.51,111.82
24.15,3500.00,3488.44,111.90
24.20,3500.00,3488.32,112.00
24.25,3500.00,3488.25,112.08
24.30,3500.00,3488.54,112.05
24.35,3500.00,3488.56,112.10
24.40,3500.00,3488.83,112.07
24.45,3500.00,3489.14,112.04
24.50,3500.00,3489.18,112.08
24.55,3500.00,3489.67,111.99
24.60,3500.00,3489.34,112.14
24.65,3500.00,3489.52,112.14
24.70,3500.00,3489.60,112.17
24.75,3500.00,3489.62,112.21
24.80,3500.00,3489.69,112.24
24.85,3500.00,3489.55,112.33
24.90,3500.00,3489.57,112.38
24.95,3500.00,3489.65,112.41
25.00,3500.00,3489.86,112.40
25.05,3500.00,3490.32,112.31
25.10,3500.00,3490.35,112.35
25.15,3500.00,3490.19,112.45
25.20,3500.00,3490.18,112.50
25.25,3500.00,3490.42,112.48
25.30,3500.00,3490.45,112.52
25.35,3500.00,3490.48,112.56
25.40,3500.00,3490.70,112.53
25.45,3500.00,3490.62,112.61
25.50,3500.00,3490.74,112.62
25.55,3500.00,3490.65,112.69
25.60,3500.00,3490.77,112.70
25.65,3500.00,3490.33,112.88
25.70,3500.00,3490.21,112.96
25.75,3500.00,3490.35,112.97
25.80,3500.00,3490.23,113.05
25.85,3500.00,3490.27,113.09
25.90,3500.00,3490.31,113.13
25.95,3500.00,3490.54,113.11
26.00,3500.00,3490.92,113.04
26.05,3500.00,3490.82,113.12
26.10,3500.00,3490.93,113.13
26.15,3500.00,3490.83,113.20
26.20,3500.00,3490.99,113.20
26.25,3500.00,3491.04,113.23
26.30,3500.00,3491.04,113.28
26.35,3500.00,3491.39,113.22
26.40,3500.00,3491.57,113.21
26.45,3500.00,3491.54,113.26
26.50,3500.00,3491.26,113.38
26.55,3500.00,3491.40,113.39
26.60,3500.00,3491.28,113.46
26.65,3500.00,3491.27,113.51
26.70,3500.00,3491.05,113.62
26.75,3500.00,3490.95,113.70
26.80,3500.00,3490.85,113.77
26.85,3500.00,3490.56,113.90
26.90,3500.00,3490.48,113.97
26.95,3500.00,3490.06,114.15
27.00,3500.00,3490.20,114.15
27.05,3500.00,3490.04,114.25
27.10,3500.00,3489.94,114.33
27.15,3500.00,3489.79,114.43
27.20,3500.00,3489.66,114.52
27.25,3500.00,3489.42,114.64
27.30,3500.00,3489.25,114.75
27.35,3500.00,3489.14,114.83
27.40,3500.00,3488.98,114.93
27.45,3500.00,3488.83,115.03
27.50,3500.00,3487.99,115.34
27.55,3500.00,3487.94,115.42
27.60,3500.00,3488.19,115.40
27.65,3500.00,3488.03,115.51
27.70,3500.00,3488.03,115.57
27.75,3500.00,3488.08,115.61
27.80,3500.00,3487.98,115.71
27.85,3500.00,3488.08,115.73
27.90,3500.00,3488.22,115.75
27.95,3500.00,3488.41,115.75
28.00,3500.00,3488.39,115.82
28.05,3500.00,3488.52,115.84
28.10,3500.00,3488.45,115.92
28.15,3500.00,3488.42,115.98
28.20,3500.00,3488.25,116.09
28.25,3500.00,3488.59,116.05
28.30,3500.00,3488.61,116.10
28.35,3500.00,3488.63,116.15
28.40,3500.00,3488.75,116.17
28.45,3500.00,3488.86,116.19
28.50,3500.00,3489.07,116.19
28.55,3500.00,3489.16,116.21
28.60,3500.00,3489.56,116.15
28.65,3500.00,3489.53,116.21
28.70,3500.00,3489.55,116.26
28.75,3500.00,3489.82,116.23
28.80,3500.00,3489.78,116.29
28.85,3500.00,3489.64,116.38
28.90,3500.00,3489.46,116.49
28.95,3500.00,3489.39,116.56
29.00,3500.00,3489.02,116.73
29.05,3500.00,3489.02,116.78
29.10,3500.00,3489.07,116.82
29.15,3500.00,3489.26,116.82
29.20,3500.00,3489.15,116.91
29.25,3500.00,3489.04,116.99
29.30,3500.00,3489.64,116.87
29.35,3500.00,3489.51,116.96
29.40,3500.00,3489.68,116.96
29.45,3500.00,3489.95,116.93
29.50,3500.00,3489.95,116.98
29.55,3500.00,3490.15,116.97
29.60,3500.00,3490.30,116.98
29.65,3500.00,3490.23,117.04
29.70,3500.00,3490.47,117.02
29.75,3500.00,3490.70,117.00
29.80,3500.00,3490.81,117.01
29.85,3500.00,3491.12,116.97
29.90,3500.00,3491.31,116.95
29.95,3500.00,3491.60,116.91
30.00,3500.00,3491.62,116.95
30.05,3500.00,3491.59,117.00
30.10,3500.00,3491.56,117.05
30.15,3500.00,3491.73,117.04
30.20,3500.00,3492.09,116.97
30.25,3500.00,3492.04,117.03
30.30,3500.00,3492.19,117.02
30.35,3500.00,3492.68,116.92
30.40,3500.00,3492.49,117.01
30.45,3500.00,3492.62,117.01
30.50,3500.00,3492.64,117.04
30.55,3500.00,3492.76,117.04
30.60,3500.00,3492.62,117.12
30.65,3500.00,3492.84,117.09
30.70,3500.00,3492.70,117.17
30.75,3500.00,3493.06,117.09
30.80,3500.00,3493.06,117.13
30.85,3500.00,3493.55,117.01
30.90,3500.00,3493.53,117.06
30.95,3500.00,3493.55,117.08
31.00,3500.00,3493.77,117.05
31.05,3500.00,3493.33,117.21
31.10,3500.00,3493.27,117.26
31.15,3500.00,3493.10,117.34
31.20,3500.00,3492.65,117.52
31.25,3500.00,3491.82,117.80
31.30,3500.00,3491.08,118.07
31.35,3500.00,3490.67,118.23
31.40,3500.00,3491.34,118.08
31.45,3500.00,3493.07,117.60
31.50,3500.00,3495.32,116.96
31.55,3500.00,3497.65,116.29
31.60,3500.00,3500.67,115.39
31.65,3500.00,3504.24,114.32
31.70,3500.00,3507.97,113.18
31.75,3500.00,3512.57,111.76
31.80,3500.00,3516.90,110.40
31.85,3500.00,3521.05,109.07
31.90,3500.00,3525.35,107.67
31.95,3500.00,3529.58,106.27
32.00,3500.00,3533.65,104.91
32.05,3500.00,3537.22,103.67
32.10,3500.00,3540.96,102.36
32.15,3500.00,3544.46,101.10
32.20,3500.00,3547.59,99.94
32.25,3500.00,3550.26,98.90
32.30,3500.00,3552.74,97.91
32.35,3500.00,3555.11,96.93
32.40,3500.00,3557.35,95.99
32.45,3500.00,3558.63,95.31
32.50,3500.00,3560.55,94.45
32.55,3500.00,3561.68,93.81
32.60,3500.00,3563.44,92.97
32.65,3500.00,3564.42,92.36
32.70,3500.00,3565.35,91.76
32.75,3500.00,3565.93,91.25
32.80,3500.00,3566.78,90.67
32.85,3500.00,3567.59,90.09
32.90,3500.00,3568.37,89.52
32.95,3500.00,3569.10,88.96
33.00,3500.00,3569.79,88.41
33.05,3500.00,3570.25,87.92
33.10,3500.00,3570.59,87.47
33.15,3500.00,3571.16,86.94
33.20,3500.00,3571.35,86.53
33.25,3500.00,3571.73,86.06
33.30,3500.00,3572.10,85.59
33.35,3500.00,3572.44,85.13
33.40,3500.00,3572.87,84.64
33.45,3500.00,3573.23,84.17
33.50,3500.00,3573.47,83.73
33.55,3500.00,3573.54,83.34
33.60,3500.00,3573.52,82.98
33.65,3500.00,3573.39,82.65
33.70,3500.00,3573.12,82.36
33.75,3500.00,3573.16,81.98
33.80,3500.00,3573.16,81.62
33.85,3500.00,3573.25,81.23
33.90,3500.00,3573.19,80.88
33.95,3500.00,3573.13,80.53
34.00,3500.00,3572.97,80.21
34.05,3500.00,3572.77,79.91
34.10,3500.00,3572.63,79.58
34.15,3500.00,3572.45,79.28
34.20,3500.00,3572.23,78.98
34.25,3500.00,3571.92,78.71
34.30,3500.00,3571.72,78.41
34.35,3500.00,3571.68,78.06
34.40,3500.00,3571.75,77.69
34.45,3500.00,3571.56,77.38
34.50,3500.00,3571.28,77.11
34.55,3500.00,3571.12,76.80
34.60,3500.00,3570.71,76.57
34.65,3500.00,3570.33,76.33
34.70,3500.00,3569.96,76.09
34.75,3500.00,3569.76,75.80
34.80,3500.00,3569.38,75.57
34.85,3500.00,3569.26,75.25
34.90,3500.00,3569.14,74.94
34.95,3500.00,3568.94,74.66
35.00,3500.00,3568.79,74.36
35.05,3500.00,3568.40,74.13
35.10,3500.00,3568.03,73.90
35.15,3500.00,3567.38,73.76
35.20,3500.00,3566.76,73.60
35.25,3500.00,3566.67,73.30
35.30,3500.00,3566.49,73.02
35.35,3500.00,3566.11,72.80
35.40,3500.00,3566.01,72.50
35.45,3500.00,3565.66,72.27
35.50,3500.00,3565.52,71.99
35.55,3500.00,3565.00,71.82
35.60,3500.00,3564.70,71.58
35.65,3500.00,3564.21,71.40
35.70,3500.00,3563.95,71.16
35.75,3500.00,3563.35,71.02
35.80,3500.00,3563.09,70.78
35.85,3500.00,3562.58,70.62
35.90,3500.00,3562.35,70.38
35.95,3500.00,3561.99,70.17
36.00,3500.00,3561.79,69.92
36.05,3500.00,3561.40,69.73
36.10,3500.00,3561.08,69.52
36.15,3500.00,3561.42,69.11
36.20,3500.00,3560.60,69.05
36.25,3500.00,3560.12,68.89
36.30,3500.00,3559.72,68.71
36.35,3500.00,3559.28,68.55
36.40,3500.00,3559.07,68.31
36.45,3500.00,3558.66,68.14
36.50,3500.00,3558.38,67.93
36.55,3500.00,3558.21,67.69
36.60,3500.00,3557.90,67.49
36.65,3500.00,3557.25,67.40
36.70,3500.00,3556.89,67.22
36.75,3500.00,3556.55,67.04
36.80,3500.00,3556.22,66.85
36.85,3500.00,3555.76,66.71
36.90,3500.00,3555.27,66.58
36.95,3500.00,3554.76,66.45
37.00,3500.00,3554.47,66.27
37.05,3500.00,3554.35,66.03
37.10,3500.00,3554.03,65.86
37.15,3500.00,3553.43,65.77
37.20,3500.00,3553.06,65.61
37.25,3500.00,3552.55,65.50
37.30,3500.00,3551.93,65.42
37.35,3500.00,3551.63,65.25
37.40,3500.00,3550.95,65.20
37.45,3500.00,3550.80,64.99
37.50,3500.00,3550.56,64.80
37.55,3500.00,3549.98,64.72
37.60,3500.00,3549.53,64.61
37.65,3500.00,3549.16,64.48
37.70,3500.00,3548.80,64.34
37.75,3500.00,3548.26,64.25
37.80,3500.00,3547.79,64.15
37.85,3500.00,3547.31,64.06
37.90,3500.00,3547.09,63.89
37.95,3500.00,3547.04,63.67
38.00,3500.00,3546.63,63.55
38.05,3500.00,3546.55,63.35
38.10,3500.00,3546.27,63.20
38.15,3500.00,3545.01,63.34
38.20,3500.00,3544.91,63.15
38.25,3500.00,3544.46,63.06
38.30,3500.00,3544.14,62.93
38.35,3500.00,3543.73,62.83
38.40,3500.00,3543.55,62.67
38.45,3500.00,3543.32,62.52
38.50,3500.00,3542.95,62.42
38.55,3500.00,3542.66,62.29
38.60,3500.00,3542.32,62.18
38.65,3500.00,3542.06,62.04
38.70,3500.00,3541.90,61.88
38.75,3500.00,3541.56,61.77
38.80,3500.00,3541.28,61.65
38.85,3500.00,3540.87,61.57
38.90,3500.00,3540.62,61.44
38.95,3500.00,3540.39,61.30
39.00,3500.00,3540.02,61.21
39.05,3500.00,3539.77,61.09
39.10,3500.00,3539.53,60.96
39.15,3500.00,3538.91,60.95
39.20,3500.00,3538.46,60.89
39.25,3500.00,3538.34,60.73
39.30,3500.00,3538.07,60.62
39.35,3500.00,3537.72,60.54
39.40,3500.00,3537.63,60.37
39.45,3500.00,3537.40,60.26
39.50,3500.00,3537.28,60.11
39.55,3500.00,3537.22,59.94
39.60,3500.00,3537.11,59.79
39.65,3500.00,3536.80,59.69
39.70,3500.00,3536.46,59.61
39.75,3500.00,3535.69,59.66
39.80,3500.00,3534.95,59.70
39.85,3500.00,3534.70,59.60
39.90,3500.00,3534.52,59.48
39.95,3500.00,3534.34,59.36
40.00,3500.00,3534.28,59.21
40.05,3500.00,3534.26,59.04
40.10,3500.00,3533.90,58.98
40.15,3500.00,3533.35,58.98
40.20,3500.00,3532.84,58.96
40.25,3500.00,3532.44,58.92
40.30,3500.00,3532.12,58.85
40.35,3500.00,3532.07,58.71
40.40,3500.00,3531.71,58.65
40.45,3500.00,3531.78,58.48
40.50,3500.00,3531.54,58.39
40.55,3500.00,3531.56,58.22
40.60,3500.00,3531.33,58.13
40.65,3500.00,3531.02,58.07
40.70,3500.00,3530.77,57.99
40.75,3500.00,3530.48,57.93
40.80,3500.00,3530.00,57.92
40.85,3500.00,3530.15,57.72
40.90,3500.00,3529.80,57.68
40.95,3500.00,3529.46,57.63
41.00,3500.00,3529.18,57.56
41.05,3500.00,3529.32,57.38
41.10,3500.00,3529.01,57.32
41.15,3500.00,3528.61,57.30
41.20,3500.00,3528.63,57.15
41.25,3500.00,3528.50,57.05
41.30,3500.00,3528.42,56.93
41.35,3500.00,3528.35,56.81
41.40,3500.00,3528.28,56.69
41.45,3500.00,3528.12,56.59
41.50,3500.00,3528.21,56.42
41.55,3500.00,3530.80,55.51
41.60,3500.00,3534.26,54.31
41.65,3500.00,3538.25,52.95
41.70,3500.00,3542.94,51.35
41.75,3500.00,3548.19,49.56
41.80,3500.00,3552.83,47.93
41.85,3500.00,3558.34,46.01
41.90,3500.00,3566.62,43.23
41.95,3500.00,3576.04,40.07
42.00,3500.00,3587.29,36.32
42.05,3500.00,3599.17,32.32
42.10,3500.00,3611.71,28.06
42.15,3500.00,3624.18,23.76
42.20,3500.00,3636.57,19.42
42.25,3500.00,3647.84,15.36
42.30,3500.00,3658.55,11.41
42.35,3500.00,3669.37,7.37
42.40,3500.00,3681.05,3.02
42.45,3500.00,3693.45,0.00
42.50,3500.00,3705.73,0.00
42.55,3500.00,3718.04,0.00
42.60,3500.00,3729.44,0.00
42.65,3500.00,3739.72,0.00
42.70,3500.00,3749.93,0.00
42.75,3500.00,3759.98,0.00
42.80,3500.00,3770.14,0.00
42.85,3500.00,3779.58,0.00
42.90,3500.00,3788.50,0.00
42.95,3500.00,3797.12,0.00
43.00,3500.00,3805.02,0.00
43.05,3500.00,3812.42,0.00
43.10,3500.00,3819.60,0.00
43.15,3500.00,3826.22,0.00
43.20,3500.00,3832.46,0.00
43.25,3500.00,3838.83,0.00
43.30,3500.00,3844.54,0.00
43.35,3500.00,3850.16,0.00
43.40,3500.00,3855.61,0.00
43.45,3500.00,3860.48,0.00
43.50,3500.00,3865.30,0.00
43.55,3500.00,3869.49,0.00
43.60,3500.00,3874.11,0.00
43.65,3500.00,3878.01,0.00
43.70,3500.00,3881.76,0.00
43.75,3500.00,3885.57,0.00
43.80,3500.00,3889.14,0.00
43.85,3500.00,3892.43,0.00
43.90,3500.00,3895.56,0.00
43.95,3500.00,3898.83,0.00
44.00,3500.00,3902.14,0.00
44.05,3500.00,3905.13,0.00
44.10,3500.00,3908.03,0.00
44.15,3500.00,3910.58,0.00
44.20,3500.00,3913.30,0.00
44.25,3500.00,3916.53,0.00
44.30,3500.00,3920.21,0.00
44.35,3500.00,3925.20,0.00
44.40,3500.00,3930.79,0.00
44.45,3500.00,3936.85,0.00
44.50,3500.00,3943.25,0.00
44.55,3500.00,3948.94,0.00
44.60,3500.00,3954.44,0.00
44.65,3500.00,3959.62,0.00
44.70,3500.00,3964.49,0.00
44.75,3500.00,3969.12,0.00
44.80,3500.00,3973.61,0.00
44.85,3500.00,3977.93,0.00
44.90,3500.00,3982.73,0.00
44.95,3500.00,3986.55,0.00
45.00,3500.00,3990.77,0.00
45.05,3500.00,3994.53,0.00
45.10,3500.00,3998.00,0.00
45.15,3500.00,3999.95,0.00
45.20,3500.00,4002.91,0.00
45.25,3500.00,4006.01,0.00
45.30,3500.00,4008.66,0.00
45.35,3500.00,4011.38,0.00
45.40,3500.00,4013.51,0.00
45.45,3500.00,4016.03,0.00
45.50,3500.00,4018.18,0.00
45.55,3500.00,4020.27,0.00
45.60,3500.00,4021.96,0.00
45.65,3500.00,4023.71,0.00
45.70,3500.00,4025.37,0.00
45.75,3500.00,4027.21,0.00
45.80,3500.00,4028.60,0.00
45.85,3500.00,4030.12,0.00
45.90,3500.00,4031.56,0.00
45.95,3500.00,4032.43,0.00
46.00,3500.00,4033.71,0.00
46.05,3500.00,4034.77,0.00
46.10,3500.00,4035.99,0.00
46.15,3500.00,4037.09,0.00
46.20,3500.00,4038.28,0.00
46.25,3500.00,4039.12,0.00
46.30,3500.00,4040.01,0.00
46.35,3500.00,4040.76,0.00
46.40,3500.00,4041.27,0.00
46.45,3500.00,4042.41,0.00
46.50,3500.00,4042.94,0.00
46.55,3500.00,4043.79,0.00
46.60,3500.00,4044.65,0.00
46.65,3500.00,4045.07,0.00
46.70,3500.00,4045.52,0.00
46.75,3500.00,4046.29,0.00
46.80,3500.00,4046.83,0.00
46.85,3500.00,4047.58,0.00
46.90,3500.00,4047.96,0.00
46.95,3500.00,4048.71,0.00
47.00,3500.00,4049.32,0.00
47.05,3500.00,4049.56,0.00
47.10,3500.00,4049.93,0.00
47.15,3500.00,4050.28,0.00
47.20,3500.00,4050.77,0.00
47.25,3500.00,4051.23,0.00
47.30,3500.00,4051.72,0.00
47.35,3500.00,4052.08,0.00
47.40,3500.00,4052.13,0.00
47.45,3500.00,4052.42,0.00
47.50,3500.00,4052.65,0.00
47.55,3500.00,4052.92,0.00
47.60,3500.00,4053.27,0.00
47.65,3500.00,4053.36,0.00
47.70,3500.00,4053.44,0.00
47.75,3500.00,4053.52,0.00
47.80,3500.00,4053.69,0.00
47.85,3500.00,4053.86,0.00
47.90,3500.00,4053.81,0.00
47.95,3500.00,4053.77,0.00
48.00,3500.00,4054.03,0.00
48.05,3500.00,4054.18,0.00
48.10,3500.00,4054.32,0.00
48.15,3500.00,4054.71,0.00
48.20,3500.00,4054.82,0.00
48.25,3500.00,4054.53,0.00
48.30,3500.00,4054.55,0.00
48.35,3500.00,4054.23,0.00
48.40,3500.00,4054.27,0.00
48.45,3500.00,4054.20,0.00
48.50,3500.00,4054.14,0.00
48.55,3500.00,4054.13,0.00
48.60,3500.00,4053.98,0.00
48.65,3500.00,4054.08,0.00
48.70,3500.00,4054.33,0.00
48.75,3500.00,4053.96,0.00
48.80,3500.00,4054.16,0.00
48.85,3500.00,4054.05,0.00
48.90,3500.00,4053.85,0.00
48.95,3500.00,4053.81,0.00
49.00,3500.00,4053.77,0.00
49.05,3500.00,4053.83,0.00
49.10,3500.00,4053.84,0.00
49.15,3500.00,4053.55,0.00
49.20,3500.00,4053.62,0.00
49.25,3500.00,4053.44,0.00
49.30,3500.00,4053.27,0.00
49.35,3500.00,4053.35,0.00
49.40,3500.00,4053.38,0.00
49.45,3500.00,4053.47,0.00
49.50,3500.00,4053.49,0.00
49.55,3500.00,4053.82,0.00
49.60,3500.00,4053.83,0.00
49.65,3500.00,4053.63,0.00
49.70,3500.00,4053.50,0.00
49.75,3500.00,4053.23,0.00
49.80,3500.00,4053.02,0.00
49.85,3500.00,4052.87,0.00
49.90,3500.00,4052.97,0.00
49.95,3500.00,4053.22,0.00
50.00,3500.00,4053.51,0.00
50.05,3500.00,4053.29,0.00
50.10,3500.00,4053.17,0.00
50.15,3500.00,4053.26,0.00
50.20,3500.00,4052.75,0.00
50.25,3500.00,4051.46,0.00
50.30,3500.00,4049.24,0.00
50.35,3500.00,4046.03,0.00
50.40,3500.00,4042.48,0.00
50.45,3500.00,4039.25,0.00
50.50,3500.00,4036.39,0.00
50.55,3500.00,4033.77,0.00
50.60,3500.00,4030.93,0.00
50.65,3500.00,4028.69,0.00
50.70,3500.00,4026.45,0.00
50.75,3500.00,4024.88,0.00
50.80,3500.00,4023.78,0.00
50.85,3500.00,4023.29,0.00
50.90,3500.00,4022.98,0.00
50.95,3500.00,4022.68,0.00
51.00,3500.00,4022.60,0.00
51.05,3500.00,4022.87,0.00
51.10,3500.00,4023.67,0.00
51.15,3500.00,4024.14,0.00
51.20,3500.00,4024.48,0.00
51.25,3500.00,3998.96,0.00
51.30,3500.00,3968.16,0.00
51.35,3500.00,3938.40,0.00
51.40,3500.00,3910.13,0.00
51.45,3500.00,3883.18,0.00
51.50,3500.00,3857.47,0.00
51.55,3500.00,3833.34,0.00
51.60,3500.00,3810.53,0.00
51.65,3500.00,3789.30,0.00
51.70,3500.00,3768.89,0.00
51.75,3500.00,3750.19,0.00
51.80,3500.00,3732.18,0.00
51.85,3500.00,3715.27,0.00
51.90,3500.00,3699.01,0.00
51.95,3500.00,3683.76,1.30
52.00,3500.00,3669.62,4.62
52.05,3500.00,3656.09,7.83
52.10,3500.00,3643.98,10.68
52.15,3500.00,3633.09,13.23
52.20,3500.00,3622.98,15.60
52.25,3500.00,3613.13,17.94
52.30,3500.00,3604.38,20.00
52.35,3500.00,3596.71,21.78
52.40,3500.00,3589.37,23.50
52.45,3500.00,3582.65,25.07
52.50,3500.00,3576.57,26.48
52.55,3500.00,3570.64,27.87
52.60,3500.00,3565.11,29.18
52.65,3500.00,3560.40,30.27
52.70,3500.00,3555.93,31.30
52.75,3500.00,3551.79,32.27
52.80,3500.00,3547.80,33.21
52.85,3500.00,3544.06,34.09
52.90,3500.00,3540.60,34.90
52.95,3500.00,3537.37,35.67
53.00,3500.00,3534.36,36.39
53.05,3500.00,3531.74,37.00
53.10,3500.00,3529.30,37.58
53.15,3500.00,3527.09,38.09
53.20,3500.00,3525.28,38.50
53.25,3500.00,3523.17,39.01
53.30,3500.00,3521.31,39.45
53.35,3500.00,3519.79,39.80
53.40,3500.00,3518.25,40.16
53.45,3500.00,3516.89,40.48
53.50,3500.00,3515.55,40.80
53.55,3500.00,3514.32,41.09
53.60,3500.00,3513.30,41.32
53.65,3500.00,3512.09,41.62
53.70,3500.00,3511.03,41.87
53.75,3500.00,3510.18,42.07
53.80,3500.00,3509.72,42.16
53.85,3500.00,3509.29,42.24
53.90,3500.00,3508.32,42.49
53.95,3500.00,3507.41,42.72
54.00,3500.00,3506.44,42.97
54.05,3500.00,3506.11,43.04
54.10,3500.00,3505.81,43.10
54.15,3500.00,3505.42,43.19
54.20,3500.00,3504.85,43.33
54.25,3500.00,3504.15,43.52
54.30,3500.00,3503.80,43.60
54.35,3500.00,3503.36,43.71
54.40,3500.00,3503.04,43.79
54.45,3500.00,3502.54,43.93
54.50,3500.00,3502.06,44.06
54.55,3500.00,3501.91,44.09
54.60,3500.00,3501.76,44.13
54.65,3500.00,3501.42,44.22
54.70,3500.00,3501.40,44.22
54.75,3500.00,3501.23,44.26
54.80,3500.00,3500.92,44.35
54.85,3500.00,3500.82,44.38
54.90,3500.00,3500.83,44.37
54.95,3500.00,3500.84,44.36
55.00,3500.00,3501.00,44.31
55.05,3500.00,3501.00,44.31
55.10,3500.00,3501.10,44.27
55.15,3500.00,3500.94,44.31
55.20,3500.00,3500.95,44.31
55.25,3500.00,3500.95,44.30
55.30,3500.00,3500.85,44.33
55.35,3500.00,3500.76,44.35
55.40,3500.00,3500.67,44.37
55.45,3500.00,3500.69,44.36
55.50,3500.00,3500.80,44.33
55.55,3500.00,3500.41,44.44
55.60,3500.00,3500.39,44.44
55.65,3500.00,3500.32,44.46
55.70,3500.00,3500.41,44.43
55.75,3500.00,3500.14,44.51
55.80,3500.00,3500.08,44.53
55.85,3500.00,3499.98,44.56
55.90,3500.00,3500.13,44.52
55.95,3500.00,3499.82,44.61
56.00,3500.00,3499.93,44.58
56.05,3500.00,3499.83,44.60
56.10,3500.00,3499.64,44.66
56.15,3500.00,3499.66,44.66
56.20,3500.00,3499.58,44.69
56.25,3500.00,3499.50,44.71
56.30,3500.00,3499.07,44.84
56.35,3500.00,3498.77,44.94
56.40,3500.00,3498.58,45.00
56.45,3500.00,3498.85,44.93
56.50,3500.00,3498.86,44.93
56.55,3500.00,3498.62,45.01
56.60,3500.00,3498.78,44.96
56.65,3500.00,3498.75,44.98
56.70,3500.00,3498.76,44.98
56.75,3500.00,3498.82,44.97
56.80,3500.00,3498.73,45.01
56.85,3500.00,3498.84,44.98
56.90,3500.00,3498.65,45.04
56.95,3500.00,3498.82,45.00
57.00,3500.00,3498.83,45.00
57.05,3500.00,3499.09,44.93
57.10,3500.00,3499.23,44.89
57.15,3500.00,3499.17,44.91
57.20,3500.00,3499.16,44.92
57.25,3500.00,3499.15,44.93
57.30,3500.00,3499.15,44.93
57.35,3500.00,3499.09,44.95
57.40,3500.00,3499.08,44.96
57.45,3500.00,3499.03,44.98
57.50,3500.00,3498.78,45.06
57.55,3500.00,3498.59,45.12
57.60,3500.00,3498.61,45.12
57.65,3500.00,3498.63,45.13
57.70,3500.00,3498.40,45.20
57.75,3500.00,3498.63,45.14
57.80,3500.00,3498.90,45.07
57.85,3500.00,3498.90,45.07
57.90,3500.00,3498.81,45.11
57.95,3500.00,3498.82,45.11
58.00,3500.00,3498.98,45.07
58.05,3500.00,3498.98,45.07
58.10,3500.00,3498.88,45.11
58.15,3500.00,3498.83,45.12
58.20,3500.00,3499.09,45.05
58.25,3500.00,3499.19,45.03
58.30,3500.00,3499.13,45.05
58.35,3500.00,3499.22,45.03
58.40,3500.00,3499.01,45.09
58.45,3500.00,3499.01,45.10
58.50,3500.00,3499.06,45.09
58.55,3500.00,3499.21,45.05
58.60,3500.00,3499.75,44.89
58.65,3500.00,3499.96,44.83
58.70,3500.00,3499.66,44.92
58.75,3500.00,3499.28,45.04
58.80,3500.00,3498.96,45.13
58.85,3500.00,3498.77,45.20
58.90,3500.00,3498.23,45.37
58.95,3500.00,3498.07,45.42
59.00,3500.00,3497.46,45.61
59.05,3500.00,3497.49,45.62
59.10,3500.00,3497.66,45.58
59.15,3500.00,3498.08,45.47
59.20,3500.00,3498.08,45.48
59.25,3500.00,3498.02,45.50
59.30,3500.00,3498.12,45.48
59.35,3500.00,3498.27,45.45
59.40,3500.00,3498.55,45.37
59.45,3500.00,3498.53,45.39
59.50,3500.00,3498.75,45.33
59.55,3500.00,3498.76,45.33
59.60,3500.00,3498.57,45.39
59.65,3500.00,3498.69,45.36
59.70,3500.00,3498.81,45.33
59.75,3500.00,3498.77,45.35
59.80,3500.00,3498.93,45.31
59.85,3500.00,3499.03,45.28
59.90,3500.00,3499.23,45.23
59.95,3500.00,3499.22,45.24
60.00,3500.00,3499.11,45.27
60.05,3500.00,3499.10,45.28
60.10,3500.00,3499.30,45.23
60.15,3500.00,3499.48,45.17
60.20,3500.00,3499.66,45.12
60.25,3500.00,3499.58,45.15
60.30,3500.00,3499.65,45.13
60.35,3500.00,3499.82,45.08
60.40,3500.00,3499.97,45.04
60.45,3500.00,3500.18,44.98
60.50,3500.00,3500.17,44.98
60.55,3500.00,3500.21,44.96
60.60,3500.00,3500.10,45.00
60.65,3500.00,3500.09,45.00
60.70,3500.00,3499.84,45.07
60.75,3500.00,3499.75,45.10
60.80,3500.00,3499.96,45.04
